2;47776;04/01/2021 10:49;PUW1MNG9;RPS-C;UPA01;42850;31/12/2020;5.723.751-4;2;26.024.787/0004-68;INOVAR ESTACIONAMENTOS E SERVIÇOS S.A.;R;Domingos de Morais;2781;;Vila Mariana;São Paulo;SP;04035-001;;0;T;;;;14;0;7811;5;0,7;0;N;3;NÃO INFORMADO;;;;;;;;;;        ;               ;0,7;3;;;;;0;0;0;0;0;0;0;;0;0;0;;0;0;;;;ESTACIONAMENTO,
2;47775;04/01/2021 10:49;5LU6HBXS;RPS-C;UPA01;42849;31/12/2020;5.723.751-4;2;26.024.787/0004-68;INOVAR ESTACIONAMENTOS E SERVIÇOS S.A.;R;Domingos de Morais;2781;;Vila Mariana;São Paulo;SP;04035-001;;0;T;;;;14;0;7811;5;0,7;0;N;3;NÃO INFORMADO;;;;;;;;;;        ;               ;0,7;3;;;;;0;0;0;0;0;0;0;;0;0;0;;0;0;;;;ESTACIONAMENTO,
2;47774;04/01/2021 10:49;SBCAJHQP;RPS-C;UPA01;42848;31/12/2020;5.723.751-4;2;26.024.787/0004-68;INOVAR ESTACIONAMENTOS E SERVIÇOS S.A.;R;Domingos de Morais;2781;;Vila Mariana;São Paulo;SP;04035-001;;0;T;;;;10;0;7811;5;0,5;0;N;3;NÃO INFORMADO;;;;;;;;;;        ;               ;0,5;3;;;;;0;0;0;0;0;0;0;;0;0;0;;0;0;;;;ESTACIONAMENTO,
2;47773;04/01/2021 10:49;SAXHCVUS;RPS-C;UPA01;42847;30/12/2020;5.723.751-4;2;26.024.787/0004-68;INOVAR ESTACIONAMENTOS E SERVIÇOS S.A.;R;Domingos de Morais;2781;;Vila Mariana;São Paulo;SP;04035-001;;0;T;;;;11,2;0;7811;5;0,56;0;N;3;NÃO INFORMADO;;;;;;;;;;        ;               ;0,56;3;;;;;0;0;0;0;0;0;0;;0;0;0;;0;0;;;;ESTACIONAMENTO
2;47772;04/01/2021 10:49;FIE5Y8CP;RPS-C;UPA01;42846;30/12/2020;5.723.751-4;2;26.024.787/0004-68;INOVAR ESTACIONAMENTOS E SERVIÇOS S.A.;R;Domingos de Morais;2781;;Vila Mariana;São Paulo;SP;04035-001;;0;T;;;;11,2;0;7811;5;0,56;0;N;3;NÃO INFORMADO;;;;;;;;;;        ;               ;0,56;3;;;;;0;0;0;0;0;0;0;;0;0;0;;0;0;;;;ESTACIONAMENTO
2;47771;04/01/2021 10:49;6HXIRIBB;RPS-C;UPA01;42845;30/12/2020;5.723.751-4;2;26.024.787/0004-68;INOVAR ESTACIONAMENTOS E SERVIÇOS S.A.;R;Domingos de Morais;2781;;Vila Mariana;São Paulo;SP;04035-001;;0;T;;;;14;0;7811;5;0,7;0;N;3;NÃO INFORMADO;;;;;;;;;;        ;               ;0,7;3;;;;;0;0;0;0;0;0;0;;0;0;0;;0;0;;;;ESTACIONAMENTO,
2;47770;04/01/2021 10:49;4XXUTEED;RPS-C;UPA01;42844;30/12/2020;5.723.751-4;2;26.024.787/0004-68;INOVAR ESTACIONAMENTOS E SERVIÇOS S.A.;R;Domingos de Morais;2781;;Vila Mariana;São Paulo;SP;04035-001;;0;T;;;;10;0;7811;5;0,5;0;N;3;NÃO INFORMADO;;;;;;;;;;        ;               ;0,5;3;;;;;0;0;0;0;0;0;0;;0;0;0;;0;0;;;;ESTACIONAMENTO,
2;47769;04/01/2021 10:49;8A4ERJFA;RPS-C;UPA01;42843;30/12/2020;5.723.751-4;2;26.024.787/0004-68;INOVAR ESTACIONAMENTOS E SERVIÇOS S.A.;R;Domingos de Morais;2781;;Vila Mariana;São Paulo;SP;04035-001;;0;T;;;;14;0;7811;5;0,7;0;N;3;NÃO INFORMADO;;;;;;;;;;        ;               ;0,7;3;;;;;0;0;0;0;0;0;0;;0;0;0;;0;0;;;;ESTACIONAMENTO,
2;47768;04/01/2021 10:49;DSKUBFEY;RPS-C;UPA01;42842;30/12/2020;5.723.751-4;2;26.024.787/0004-68;INOVAR ESTACIONAMENTOS E SERVIÇOS S.A.;R;Domingos de Morais;2781;;Vila Mariana;São Paulo;SP;04035-001;;0;T;;;;10;0;7811;5;0,5;0;N;3;NÃO INFORMADO;;;;;;;;;;        ;               ;0,5;3;;;;;0;0;0;0;0;0;0;;0;0;0;;0;0;;;;ESTACIONAMENTO,
2;47767;04/01/2021 10:49;IWEXCKMP;RPS-C;UPA01;42841;30/12/2020;5.723.751-4;2;26.024.787/0004-68;INOVAR ESTACIONAMENTOS E SERVIÇOS S.A.;R;Domingos de Morais;2781;;Vila Mariana;São Paulo;SP;04035-001;;0;T;;;;9;0;7811;5;0,45;0;N;3;NÃO INFORMADO;;;;;;;;;;        ;               ;0,45;3;;;;;0;0;0;0;0;0;0;;0;0;0;;0;0;;;;ESTACIONAMENTO,
2;47766;04/01/2021 10:49;TE6U8JUD;RPS-C;UPA01;42840;30/12/2020;5.723.751-4;2;26.024.787/0004-68;INOVAR ESTACIONAMENTOS E SERVIÇOS S.A.;R;Domingos de Morais;2781;;Vila Mariana;São Paulo;SP;04035-001;;0;T;;;;18;0;7811;5;0,9;0;N;3;NÃO INFORMADO;;;;;;;;;;        ;               ;0,9;3;;;;;0;0;0;0;0;0;0;;0;0;0;;0;0;;;;ESTACIONAMENTO,
2;47765;04/01/2021 10:49;QPRRMRIR;RPS-C;UPA01;42839;30/12/2020;5.723.751-4;2;26.024.787/0004-68;INOVAR ESTACIONAMENTOS E SERVIÇOS S.A.;R;Domingos de Morais;2781;;Vila Mariana;São Paulo;SP;04035-001;;0;T;;;;10;0;7811;5;0,5;0;N;3;NÃO INFORMADO;;;;;;;;;;        ;               ;0,5;3;;;;;0;0;0;0;0;0;0;;0;0;0;;0;0;;;;ESTACIONAMENTO,
2;47764;04/01/2021 10:49;88ZGLVT8;RPS-C;UPA01;42838;30/12/2020;5.723.751-4;2;26.024.787/0004-68;INOVAR ESTACIONAMENTOS E SERVIÇOS S.A.;R;Domingos de Morais;2781;;Vila Mariana;São Paulo;SP;04035-001;;0;T;;;;14;0;7811;5;0,7;0;N;3;NÃO INFORMADO;;;;;;;;;;        ;               ;0,7;3;;;;;0;0;0;0;0;0;0;;0;0;0;;0;0;;;;ESTACIONAMENTO,
2;47763;04/01/2021 10:49;BSFULNQC;RPS-C;UPA01;42837;30/12/2020;5.723.751-4;2;26.024.787/0004-68;INOVAR ESTACIONAMENTOS E SERVIÇOS S.A.;R;Domingos de Morais;2781;;Vila Mariana;São Paulo;SP;04035-001;;0;T;;;;14;0;7811;5;0,7;0;N;3;NÃO INFORMADO;;;;;;;;;;        ;               ;0,7;3;;;;;0;0;0;0;0;0;0;;0;0;0;;0;0;;;;ESTACIONAMENTO,
2;47741;30/12/2020 15:18;F7ETPWEP;RPS-C;UPA01;42815;29/12/2020;5.723.751-4;2;26.024.787/0004-68;INOVAR ESTACIONAMENTOS E SERVIÇOS S.A.;R;Domingos de Morais;2781;;Vila Mariana;São Paulo;SP;04035-001;;0;T;;;;14;0;7811;5;0,7;0;N;3;NÃO INFORMADO;;;;;;;;;;        ;               ;0,7;3;;;;;0;0;0;0;0;0;0;;0;0;0;;0;0;;;;ESTACIONAMENTO,
2;47740;30/12/2020 15:18;VRZ5SNGY;RPS-C;UPA01;42814;29/12/2020;5.723.751-4;2;26.024.787/0004-68;INOVAR ESTACIONAMENTOS E SERVIÇOS S.A.;R;Domingos de Morais;2781;;Vila Mariana;São Paulo;SP;04035-001;;0;T;;;;10;0;7811;5;0,5;0;N;3;NÃO INFORMADO;;;;;;;;;;        ;               ;0,5;3;;;;;0;0;0;0;0;0;0;;0;0;0;;0;0;;;;ESTACIONAMENTO,
2;47739;30/12/2020 15:18;MLVNRWLP;RPS-C;UPA01;42813;29/12/2020;5.723.751-4;2;26.024.787/0004-68;INOVAR ESTACIONAMENTOS E SERVIÇOS S.A.;R;Domingos de Morais;2781;;Vila Mariana;São Paulo;SP;04035-001;;0;T;;;;22;0;7811;5;1,1;0;N;3;NÃO INFORMADO;;;;;;;;;;        ;               ;1,1;3;;;;;0;0;0;0;0;0;0;;0;0;0;;0;0;;;;ESTACIONAMENTO,
2;47738;30/12/2020 15:18;XK3YTSCG;RPS-C;UPA01;42812;29/12/2020;5.723.751-4;2;26.024.787/0004-68;INOVAR ESTACIONAMENTOS E SERVIÇOS S.A.;R;Domingos de Morais;2781;;Vila Mariana;São Paulo;SP;04035-001;;0;T;;;;14;0;7811;5;0,7;0;N;3;NÃO INFORMADO;;;;;;;;;;        ;               ;0,7;3;;;;;0;0;0;0;0;0;0;;0;0;0;;0;0;;;;ESTACIONAMENTO,
2;47737;30/12/2020 15:18;5QW2BVLF;RPS-C;UPA01;42811;29/12/2020;5.723.751-4;2;26.024.787/0004-68;INOVAR ESTACIONAMENTOS E SERVIÇOS S.A.;R;Domingos de Morais;2781;;Vila Mariana;São Paulo;SP;04035-001;;0;T;;;;14;0;7811;5;0,7;0;N;3;NÃO INFORMADO;;;;;;;;;;        ;               ;0,7;3;;;;;0;0;0;0;0;0;0;;0;0;0;;0;0;;;;ESTACIONAMENTO,
2;47736;30/12/2020 15:18;ZUGYR1JZ;RPS-C;UPA01;42810;29/12/2020;5.723.751-4;2;26.024.787/0004-68;INOVAR ESTACIONAMENTOS E SERVIÇOS S.A.;R;Domingos de Morais;2781;;Vila Mariana;São Paulo;SP;04035-001;;0;T;;;;14;0;7811;5;0,7;0;N;3;NÃO INFORMADO;;;;;;;;;;        ;               ;0,7;3;;;;;0;0;0;0;0;0;0;;0;0;0;;0;0;;;;ESTACIONAMENTO,
2;47735;30/12/2020 15:18;WCBVRKDI;RPS-C;UPA01;42809;29/12/2020;5.723.751-4;2;26.024.787/0004-68;INOVAR ESTACIONAMENTOS E SERVIÇOS S.A.;R;Domingos de Morais;2781;;Vila Mariana;São Paulo;SP;04035-001;;0;T;;;;10;0;7811;5;0,5;0;N;3;NÃO INFORMADO;;;;;;;;;;        ;               ;0,5;3;;;;;0;0;0;0;0;0;0;;0;0;0;;0;0;;;;ESTACIONAMENTO,
2;47734;30/12/2020 15:18;ABJ7IR6A;RPS-C;UPA01;42808;29/12/2020;5.723.751-4;2;26.024.787/0004-68;INOVAR ESTACIONAMENTOS E SERVIÇOS S.A.;R;Domingos de Morais;2781;;Vila Mariana;São Paulo;SP;04035-001;;0;T;;;;10;0;7811;5;0,5;0;N;3;NÃO INFORMADO;;;;;;;;;;        ;               ;0,5;3;;;;;0;0;0;0;0;0;0;;0;0;0;;0;0;;;;ESTACIONAMENTO,
2;47727;29/12/2020 08:21;VT95VKSF;RPS-C;UPA01;42801;28/12/2020;5.723.751-4;2;26.024.787/0004-68;INOVAR ESTACIONAMENTOS E SERVIÇOS S.A.;R;Domingos de Morais;2781;;Vila Mariana;São Paulo;SP;04035-001;;0;T;;;;14,4;0;7811;5;0,72;0;N;3;NÃO INFORMADO;;;;;;;;;;        ;               ;0,72;3;;;;;0;0;0;0;0;0;0;;0;0;0;;0;0;;;;ESTACIONAMENTO
2;47726;29/12/2020 08:21;HBBS7DLX;RPS-C;UPA01;42800;28/12/2020;5.723.751-4;2;26.024.787/0004-68;INOVAR ESTACIONAMENTOS E SERVIÇOS S.A.;R;Domingos de Morais;2781;;Vila Mariana;São Paulo;SP;04035-001;;0;T;;;;11,2;0;7811;5;0,56;0;N;3;NÃO INFORMADO;;;;;;;;;;        ;               ;0,56;3;;;;;0;0;0;0;0;0;0;;0;0;0;;0;0;;;;ESTACIONAMENTO
2;47725;29/12/2020 08:21;4NAJ9URZ;RPS-C;UPA01;42799;28/12/2020;5.723.751-4;2;26.024.787/0004-68;INOVAR ESTACIONAMENTOS E SERVIÇOS S.A.;R;Domingos de Morais;2781;;Vila Mariana;São Paulo;SP;04035-001;;0;T;;;;14;0;7811;5;0,7;0;N;3;NÃO INFORMADO;;;;;;;;;;        ;               ;0,7;3;;;;;0;0;0;0;0;0;0;;0;0;0;;0;0;;;;ESTACIONAMENTO,
2;47724;29/12/2020 08:21;MV3E1SNP;RPS-C;UPA01;42798;28/12/2020;5.723.751-4;2;26.024.787/0004-68;INOVAR ESTACIONAMENTOS E SERVIÇOS S.A.;R;Domingos de Morais;2781;;Vila Mariana;São Paulo;SP;04035-001;;0;T;;;;14;0;7811;5;0,7;0;N;3;NÃO INFORMADO;;;;;;;;;;        ;               ;0,7;3;;;;;0;0;0;0;0;0;0;;0;0;0;;0;0;;;;ESTACIONAMENTO,
2;47723;29/12/2020 08:21;UQJ56BYW;RPS-C;UPA01;42797;28/12/2020;5.723.751-4;2;26.024.787/0004-68;INOVAR ESTACIONAMENTOS E SERVIÇOS S.A.;R;Domingos de Morais;2781;;Vila Mariana;São Paulo;SP;04035-001;;0;T;;;;14;0;7811;5;0,7;0;N;3;NÃO INFORMADO;;;;;;;;;;        ;               ;0,7;3;;;;;0;0;0;0;0;0;0;;0;0;0;;0;0;;;;ESTACIONAMENTO,
2;47722;29/12/2020 08:21;JHEANCHE;RPS-C;UPA01;42796;28/12/2020;5.723.751-4;2;26.024.787/0004-68;INOVAR ESTACIONAMENTOS E SERVIÇOS S.A.;R;Domingos de Morais;2781;;Vila Mariana;São Paulo;SP;04035-001;;0;T;;;;14,4;0;7811;5;0,72;0;N;3;NÃO INFORMADO;;;;;;;;;;        ;               ;0,72;3;;;;;0;0;0;0;0;0;0;;0;0;0;;0;0;;;;ESTACIONAMENTO
2;47721;29/12/2020 08:21;L4PPSNZQ;RPS-C;UPA01;42795;28/12/2020;5.723.751-4;2;26.024.787/0004-68;INOVAR ESTACIONAMENTOS E SERVIÇOS S.A.;R;Domingos de Morais;2781;;Vila Mariana;São Paulo;SP;04035-001;;0;T;;;;17,6;0;7811;5;0,88;0;N;3;NÃO INFORMADO;;;;;;;;;;        ;               ;0,88;3;;;;;0;0;0;0;0;0;0;;0;0;0;;0;0;;;;ESTACIONAMENTO
2;47720;29/12/2020 08:21;GDKAGYR1;RPS-C;UPA01;42794;28/12/2020;5.723.751-4;2;26.024.787/0004-68;INOVAR ESTACIONAMENTOS E SERVIÇOS S.A.;R;Domingos de Morais;2781;;Vila Mariana;São Paulo;SP;04035-001;;0;T;;;;14;0;7811;5;0,7;0;N;3;NÃO INFORMADO;;;;;;;;;;        ;               ;0,7;3;;;;;0;0;0;0;0;0;0;;0;0;0;;0;0;;;;ESTACIONAMENTO,
2;47719;29/12/2020 08:21;HSRICYCT;RPS-C;UPA01;42793;28/12/2020;5.723.751-4;2;26.024.787/0004-68;INOVAR ESTACIONAMENTOS E SERVIÇOS S.A.;R;Domingos de Morais;2781;;Vila Mariana;São Paulo;SP;04035-001;;0;T;;;;14,4;0;7811;5;0,72;0;N;3;NÃO INFORMADO;;;;;;;;;;        ;               ;0,72;3;;;;;0;0;0;0;0;0;0;;0;0;0;;0;0;;;;ESTACIONAMENTO
2;47701;29/12/2020 08:21;B9WIXMWX;RPS-C;UPA01;42775;28/12/2020;5.723.751-4;2;26.024.787/0004-68;INOVAR ESTACIONAMENTOS E SERVIÇOS S.A.;R;Domingos de Morais;2781;;Vila Mariana;São Paulo;SP;04035-001;;0;T;;;;14;0;7811;5;0,7;0;N;3;NÃO INFORMADO;;;;;;;;;;        ;               ;0,7;3;;;;;0;0;0;0;0;0;0;;0;0;0;;0;0;;;;ESTACIONAMENTO,
2;47700;29/12/2020 08:21;GIGLBDGZ;RPS-C;UPA01;42774;28/12/2020;5.723.751-4;2;26.024.787/0004-68;INOVAR ESTACIONAMENTOS E SERVIÇOS S.A.;R;Domingos de Morais;2781;;Vila Mariana;São Paulo;SP;04035-001;;0;T;;;;14;0;7811;5;0,7;0;N;3;NÃO INFORMADO;;;;;;;;;;        ;               ;0,7;3;;;;;0;0;0;0;0;0;0;;0;0;0;;0;0;;;;ESTACIONAMENTO,
2;47699;29/12/2020 08:21;NMNSDC5Y;RPS-C;UPA01;42773;28/12/2020;5.723.751-4;2;26.024.787/0004-68;INOVAR ESTACIONAMENTOS E SERVIÇOS S.A.;R;Domingos de Morais;2781;;Vila Mariana;São Paulo;SP;04035-001;;0;T;;;;10;0;7811;5;0,5;0;N;3;NÃO INFORMADO;;;;;;;;;;        ;               ;0,5;3;;;;;0;0;0;0;0;0;0;;0;0;0;;0;0;;;;ESTACIONAMENTO,
2;47698;29/12/2020 08:21;6AEDQS4Z;RPS-C;UPA01;42772;28/12/2020;5.723.751-4;2;26.024.787/0004-68;INOVAR ESTACIONAMENTOS E SERVIÇOS S.A.;R;Domingos de Morais;2781;;Vila Mariana;São Paulo;SP;04035-001;;0;T;;;;14;0;7811;5;0,7;0;N;3;NÃO INFORMADO;;;;;;;;;;        ;               ;0,7;3;;;;;0;0;0;0;0;0;0;;0;0;0;;0;0;;;;ESTACIONAMENTO,
2;47697;29/12/2020 08:21;L2NQJF8I;RPS-C;UPA01;42771;28/12/2020;5.723.751-4;2;26.024.787/0004-68;INOVAR ESTACIONAMENTOS E SERVIÇOS S.A.;R;Domingos de Morais;2781;;Vila Mariana;São Paulo;SP;04035-001;;0;T;;;;14;0;7811;5;0,7;0;N;3;NÃO INFORMADO;;;;;;;;;;        ;               ;0,7;3;;;;;0;0;0;0;0;0;0;;0;0;0;;0;0;;;;ESTACIONAMENTO,
2;47696;29/12/2020 08:21;RCAER1B5;RPS-C;UPA01;42770;28/12/2020;5.723.751-4;2;26.024.787/0004-68;INOVAR ESTACIONAMENTOS E SERVIÇOS S.A.;R;Domingos de Morais;2781;;Vila Mariana;São Paulo;SP;04035-001;;0;T;;;;14;0;7811;5;0,7;0;N;3;NÃO INFORMADO;;;;;;;;;;        ;               ;0,7;3;;;;;0;0;0;0;0;0;0;;0;0;0;;0;0;;;;ESTACIONAMENTO,
2;47695;29/12/2020 08:21;FNQHUTQC;RPS-C;UPA01;42769;28/12/2020;5.723.751-4;2;26.024.787/0004-68;INOVAR ESTACIONAMENTOS E SERVIÇOS S.A.;R;Domingos de Morais;2781;;Vila Mariana;São Paulo;SP;04035-001;;0;T;;;;8;0;7811;5;0,4;0;N;3;NÃO INFORMADO;;;;;;;;;;        ;               ;0,4;3;;;;;0;0;0;0;0;0;0;;0;0;0;;0;0;;;;ESTACIONAMENTO,
2;47694;29/12/2020 08:21;G9J6KDAL;RPS-C;UPA01;42768;28/12/2020;5.723.751-4;2;26.024.787/0004-68;INOVAR ESTACIONAMENTOS E SERVIÇOS S.A.;R;Domingos de Morais;2781;;Vila Mariana;São Paulo;SP;04035-001;;0;T;;;;14;0;7811;5;0,7;0;N;3;NÃO INFORMADO;;;;;;;;;;        ;               ;0,7;3;;;;;0;0;0;0;0;0;0;;0;0;0;;0;0;;;;ESTACIONAMENTO,
2;47693;29/12/2020 08:21;3EHZMZRA;RPS-C;UPA01;42767;28/12/2020;5.723.751-4;2;26.024.787/0004-68;INOVAR ESTACIONAMENTOS E SERVIÇOS S.A.;R;Domingos de Morais;2781;;Vila Mariana;São Paulo;SP;04035-001;;0;T;;;;8;0;7811;5;0,4;0;N;3;NÃO INFORMADO;;;;;;;;;;        ;               ;0,4;3;;;;;0;0;0;0;0;0;0;;0;0;0;;0;0;;;;ESTACIONAMENTO,
2;47692;29/12/2020 08:21;T75TJTJY;RPS-C;UPA01;42766;28/12/2020;5.723.751-4;2;26.024.787/0004-68;INOVAR ESTACIONAMENTOS E SERVIÇOS S.A.;R;Domingos de Morais;2781;;Vila Mariana;São Paulo;SP;04035-001;;0;T;;;;14;0;7811;5;0,7;0;N;3;NÃO INFORMADO;;;;;;;;;;        ;               ;0,7;3;;;;;0;0;0;0;0;0;0;;0;0;0;;0;0;;;;ESTACIONAMENTO,
2;47691;29/12/2020 08:21;1EH43BEY;RPS-C;UPA01;42765;28/12/2020;5.723.751-4;2;26.024.787/0004-68;INOVAR ESTACIONAMENTOS E SERVIÇOS S.A.;R;Domingos de Morais;2781;;Vila Mariana;São Paulo;SP;04035-001;;0;T;;;;14;0;7811;5;0,7;0;N;3;NÃO INFORMADO;;;;;;;;;;        ;               ;0,7;3;;;;;0;0;0;0;0;0;0;;0;0;0;;0;0;;;;ESTACIONAMENTO,
2;47690;29/12/2020 08:21;UU5ECHFC;RPS-C;UPA01;42764;28/12/2020;5.723.751-4;2;26.024.787/0004-68;INOVAR ESTACIONAMENTOS E SERVIÇOS S.A.;R;Domingos de Morais;2781;;Vila Mariana;São Paulo;SP;04035-001;;0;T;;;;10;0;7811;5;0,5;0;N;3;NÃO INFORMADO;;;;;;;;;;        ;               ;0,5;3;;;;;0;0;0;0;0;0;0;;0;0;0;;0;0;;;;ESTACIONAMENTO,
2;47689;29/12/2020 08:21;SZAMXVFE;RPS-C;UPA01;42763;28/12/2020;5.723.751-4;2;26.024.787/0004-68;INOVAR ESTACIONAMENTOS E SERVIÇOS S.A.;R;Domingos de Morais;2781;;Vila Mariana;São Paulo;SP;04035-001;;0;T;;;;10;0;7811;5;0,5;0;N;3;NÃO INFORMADO;;;;;;;;;;        ;               ;0,5;3;;;;;0;0;0;0;0;0;0;;0;0;0;;0;0;;;;ESTACIONAMENTO,
2;47688;29/12/2020 08:21;8LUDAR3E;RPS-C;UPA01;42762;28/12/2020;5.723.751-4;2;26.024.787/0004-68;INOVAR ESTACIONAMENTOS E SERVIÇOS S.A.;R;Domingos de Morais;2781;;Vila Mariana;São Paulo;SP;04035-001;;0;T;;;;14;0;7811;5;0,7;0;N;3;NÃO INFORMADO;;;;;;;;;;        ;               ;0,7;3;;;;;0;0;0;0;0;0;0;;0;0;0;;0;0;;;;ESTACIONAMENTO,
2;47687;29/12/2020 08:21;VQFZFDJC;RPS-C;UPA01;42761;28/12/2020;5.723.751-4;2;26.024.787/0004-68;INOVAR ESTACIONAMENTOS E SERVIÇOS S.A.;R;Domingos de Morais;2781;;Vila Mariana;São Paulo;SP;04035-001;;0;T;;;;14;0;7811;5;0,7;0;N;3;NÃO INFORMADO;;;;;;;;;;        ;               ;0,7;3;;;;;0;0;0;0;0;0;0;;0;0;0;;0;0;;;;ESTACIONAMENTO,
2;47686;29/12/2020 08:21;SWIACVGK;RPS-C;UPA01;42760;28/12/2020;5.723.751-4;2;26.024.787/0004-68;INOVAR ESTACIONAMENTOS E SERVIÇOS S.A.;R;Domingos de Morais;2781;;Vila Mariana;São Paulo;SP;04035-001;;0;T;;;;11,2;0;7811;5;0,56;0;N;3;NÃO INFORMADO;;;;;;;;;;        ;               ;0,56;3;;;;;0;0;0;0;0;0;0;;0;0;0;;0;0;;;;ESTACIONAMENTO
2;47685;29/12/2020 08:21;UNCXXE2A;RPS-C;UPA01;42759;28/12/2020;5.723.751-4;2;26.024.787/0004-68;INOVAR ESTACIONAMENTOS E SERVIÇOS S.A.;R;Domingos de Morais;2781;;Vila Mariana;São Paulo;SP;04035-001;;0;T;;;;10;0;7811;5;0,5;0;N;3;NÃO INFORMADO;;;;;;;;;;        ;               ;0,5;3;;;;;0;0;0;0;0;0;0;;0;0;0;;0;0;;;;ESTACIONAMENTO,
2;47684;29/12/2020 08:21;7REVLNLS;RPS-C;UPA01;42758;28/12/2020;5.723.751-4;2;26.024.787/0004-68;INOVAR ESTACIONAMENTOS E SERVIÇOS S.A.;R;Domingos de Morais;2781;;Vila Mariana;São Paulo;SP;04035-001;;0;T;;;;14;0;7811;5;0,7;0;N;3;NÃO INFORMADO;;;;;;;;;;        ;               ;0,7;3;;;;;0;0;0;0;0;0;0;;0;0;0;;0;0;;;;ESTACIONAMENTO,
2;47683;29/12/2020 08:20;XM4KLMDB;RPS-C;UPA01;42757;24/12/2020;5.723.751-4;2;26.024.787/0004-68;INOVAR ESTACIONAMENTOS E SERVIÇOS S.A.;R;Domingos de Morais;2781;;Vila Mariana;São Paulo;SP;04035-001;;0;T;;;;25;0;7811;5;1,25;0;N;3;NÃO INFORMADO;;;;;;;;;;        ;               ;1,25;3;;;;;0;0;0;0;0;0;0;;0;0;0;;0;0;;;;ESTACIONAMENTO,
2;47682;29/12/2020 08:20;HZFSBXIP;RPS-C;UPA01;42756;24/12/2020;5.723.751-4;2;26.024.787/0004-68;INOVAR ESTACIONAMENTOS E SERVIÇOS S.A.;R;Domingos de Morais;2781;;Vila Mariana;São Paulo;SP;04035-001;;0;T;;;;10;0;7811;5;0,5;0;N;3;NÃO INFORMADO;;;;;;;;;;        ;               ;0,5;3;;;;;0;0;0;0;0;0;0;;0;0;0;;0;0;;;;ESTACIONAMENTO,
2;47681;23/12/2020 09:48;9XXUHF5P;RPS-C;UPA01;42690;22/12/2020;5.723.751-4;2;26.024.787/0004-68;INOVAR ESTACIONAMENTOS E SERVIÇOS S.A.;R;Domingos de Morais;2781;;Vila Mariana;São Paulo;SP;04035-001;;0;T;;;;25;0;7811;5;1,25;0;N;3;NÃO INFORMADO;;;;;;;;;;        ;               ;1,25;3;;;;;0;0;0;0;0;0;0;;0;0;0;;0;0;;;;ESTACIONAMENTO,
2;47680;23/12/2020 09:48;BN9FCAHG;RPS-C;UPA01;42689;22/12/2020;5.723.751-4;2;26.024.787/0004-68;INOVAR ESTACIONAMENTOS E SERVIÇOS S.A.;R;Domingos de Morais;2781;;Vila Mariana;São Paulo;SP;04035-001;;0;T;;;;10;0;7811;5;0,5;0;N;3;NÃO INFORMADO;;;;;;;;;;        ;               ;0,5;3;;;;;0;0;0;0;0;0;0;;0;0;0;;0;0;;;;ESTACIONAMENTO,
2;47679;23/12/2020 09:48;BP72V4AG;RPS-C;UPA01;42688;22/12/2020;5.723.751-4;2;26.024.787/0004-68;INOVAR ESTACIONAMENTOS E SERVIÇOS S.A.;R;Domingos de Morais;2781;;Vila Mariana;São Paulo;SP;04035-001;;0;T;;;;14;0;7811;5;0,7;0;N;3;NÃO INFORMADO;;;;;;;;;;        ;               ;0,7;3;;;;;0;0;0;0;0;0;0;;0;0;0;;0;0;;;;ESTACIONAMENTO,
2;47633;23/12/2020 09:48;JUGQGMGI;RPS-C;UPA01;42642;22/12/2020;5.723.751-4;2;26.024.787/0004-68;INOVAR ESTACIONAMENTOS E SERVIÇOS S.A.;R;Domingos de Morais;2781;;Vila Mariana;São Paulo;SP;04035-001;;0;T;;;;10;0;7811;5;0,5;0;N;3;NÃO INFORMADO;;;;;;;;;;        ;               ;0,5;3;;;;;0;0;0;0;0;0;0;;0;0;0;;0;0;;;;ESTACIONAMENTO,
2;47594;23/12/2020 09:48;MENEJK5V;RPS-C;UPA01;42603;22/12/2020;5.723.751-4;2;26.024.787/0004-68;INOVAR ESTACIONAMENTOS E SERVIÇOS S.A.;R;Domingos de Morais;2781;;Vila Mariana;São Paulo;SP;04035-001;;0;T;;;;10;0;7811;5;0,5;0;N;3;NÃO INFORMADO;;;;;;;;;;        ;               ;0,5;3;;;;;0;0;0;0;0;0;0;;0;0;0;;0;0;;;;ESTACIONAMENTO,
2;47593;23/12/2020 09:48;VKW1ZXVS;RPS-C;UPA01;42602;22/12/2020;5.723.751-4;2;26.024.787/0004-68;INOVAR ESTACIONAMENTOS E SERVIÇOS S.A.;R;Domingos de Morais;2781;;Vila Mariana;São Paulo;SP;04035-001;;0;T;;;;18;0;7811;5;0,9;0;N;3;NÃO INFORMADO;;;;;;;;;;        ;               ;0,9;3;;;;;0;0;0;0;0;0;0;;0;0;0;;0;0;;;;ESTACIONAMENTO,
2;47592;23/12/2020 09:48;DEEAK4EG;RPS-C;UPA01;42601;22/12/2020;5.723.751-4;2;26.024.787/0004-68;INOVAR ESTACIONAMENTOS E SERVIÇOS S.A.;R;Domingos de Morais;2781;;Vila Mariana;São Paulo;SP;04035-001;;0;T;;;;18;0;7811;5;0,9;0;N;3;NÃO INFORMADO;;;;;;;;;;        ;               ;0,9;3;;;;;0;0;0;0;0;0;0;;0;0;0;;0;0;;;;ESTACIONAMENTO,
2;47591;23/12/2020 09:48;G1TCSDF9;RPS-C;UPA01;42600;22/12/2020;5.723.751-4;2;26.024.787/0004-68;INOVAR ESTACIONAMENTOS E SERVIÇOS S.A.;R;Domingos de Morais;2781;;Vila Mariana;São Paulo;SP;04035-001;;0;T;;;;10;0;7811;5;0,5;0;N;3;NÃO INFORMADO;;;;;;;;;;        ;               ;0,5;3;;;;;0;0;0;0;0;0;0;;0;0;0;;0;0;;;;ESTACIONAMENTO,
2;47590;23/12/2020 09:48;KHBWUQBJ;RPS-C;UPA01;42599;22/12/2020;5.723.751-4;2;26.024.787/0004-68;INOVAR ESTACIONAMENTOS E SERVIÇOS S.A.;R;Domingos de Morais;2781;;Vila Mariana;São Paulo;SP;04035-001;;0;T;;;;10;0;7811;5;0,5;0;N;3;NÃO INFORMADO;;;;;;;;;;        ;               ;0,5;3;;;;;0;0;0;0;0;0;0;;0;0;0;;0;0;;;;ESTACIONAMENTO,
2;47571;23/12/2020 09:48;ABPRZQVK;RPS-C;UPA01;42580;22/12/2020;5.723.751-4;2;26.024.787/0004-68;INOVAR ESTACIONAMENTOS E SERVIÇOS S.A.;R;Domingos de Morais;2781;;Vila Mariana;São Paulo;SP;04035-001;;0;T;;;;18;0;7811;5;0,9;0;N;3;NÃO INFORMADO;;;;;;;;;;        ;               ;0,9;3;;;;;0;0;0;0;0;0;0;;0;0;0;;0;0;;;;ESTACIONAMENTO,
2;47570;23/12/2020 09:48;5AEHXZ7T;RPS-C;UPA01;42579;22/12/2020;5.723.751-4;2;26.024.787/0004-68;INOVAR ESTACIONAMENTOS E SERVIÇOS S.A.;R;Domingos de Morais;2781;;Vila Mariana;São Paulo;SP;04035-001;;0;T;;;;10;0;7811;5;0,5;0;N;3;NÃO INFORMADO;;;;;;;;;;        ;               ;0,5;3;;;;;0;0;0;0;0;0;0;;0;0;0;;0;0;;;;ESTACIONAMENTO,
2;47569;23/12/2020 09:48;9QJU2FWD;RPS-C;UPA01;42578;22/12/2020;5.723.751-4;2;26.024.787/0004-68;INOVAR ESTACIONAMENTOS E SERVIÇOS S.A.;R;Domingos de Morais;2781;;Vila Mariana;São Paulo;SP;04035-001;;0;T;;;;10;0;7811;5;0,5;0;N;3;NÃO INFORMADO;;;;;;;;;;        ;               ;0,5;3;;;;;0;0;0;0;0;0;0;;0;0;0;;0;0;;;;ESTACIONAMENTO,
2;47568;23/12/2020 09:48;EPGPKPMX;RPS-C;UPA01;42577;22/12/2020;5.723.751-4;2;26.024.787/0004-68;INOVAR ESTACIONAMENTOS E SERVIÇOS S.A.;R;Domingos de Morais;2781;;Vila Mariana;São Paulo;SP;04035-001;;0;T;;;;10;0;7811;5;0,5;0;N;3;NÃO INFORMADO;;;;;;;;;;        ;               ;0,5;3;;;;;0;0;0;0;0;0;0;;0;0;0;;0;0;;;;ESTACIONAMENTO,
2;47567;23/12/2020 09:48;TYNMBEFK;RPS-C;UPA01;42576;22/12/2020;5.723.751-4;2;26.024.787/0004-68;INOVAR ESTACIONAMENTOS E SERVIÇOS S.A.;R;Domingos de Morais;2781;;Vila Mariana;São Paulo;SP;04035-001;;0;T;;;;14;0;7811;5;0,7;0;N;3;NÃO INFORMADO;;;;;;;;;;        ;               ;0,7;3;;;;;0;0;0;0;0;0;0;;0;0;0;;0;0;;;;ESTACIONAMENTO,
2;47566;23/12/2020 09:48;2LQDZQEP;RPS-C;UPA01;42575;22/12/2020;5.723.751-4;2;26.024.787/0004-68;INOVAR ESTACIONAMENTOS E SERVIÇOS S.A.;R;Domingos de Morais;2781;;Vila Mariana;São Paulo;SP;04035-001;;0;T;;;;10;0;7811;5;0,5;0;N;3;NÃO INFORMADO;;;;;;;;;;        ;               ;0,5;3;;;;;0;0;0;0;0;0;0;;0;0;0;;0;0;;;;ESTACIONAMENTO,
2;47565;23/12/2020 09:48;RBKYRHAJ;RPS-C;UPA01;42574;22/12/2020;5.723.751-4;2;26.024.787/0004-68;INOVAR ESTACIONAMENTOS E SERVIÇOS S.A.;R;Domingos de Morais;2781;;Vila Mariana;São Paulo;SP;04035-001;;0;T;;;;14;0;7811;5;0,7;0;N;3;NÃO INFORMADO;;;;;;;;;;        ;               ;0,7;3;;;;;0;0;0;0;0;0;0;;0;0;0;;0;0;;;;ESTACIONAMENTO,
2;47564;23/12/2020 09:48;RPBNUFLC;RPS-C;UPA01;42573;22/12/2020;5.723.751-4;2;26.024.787/0004-68;INOVAR ESTACIONAMENTOS E SERVIÇOS S.A.;R;Domingos de Morais;2781;;Vila Mariana;São Paulo;SP;04035-001;;0;T;;;;14;0;7811;5;0,7;0;N;3;NÃO INFORMADO;;;;;;;;;;        ;               ;0,7;3;;;;;0;0;0;0;0;0;0;;0;0;0;;0;0;;;;ESTACIONAMENTO,
2;47532;22/12/2020 09:20;XCNYUXEJ;RPS-C;UPA01;42541;21/12/2020;5.723.751-4;2;26.024.787/0004-68;INOVAR ESTACIONAMENTOS E SERVIÇOS S.A.;R;Domingos de Morais;2781;;Vila Mariana;São Paulo;SP;04035-001;;0;T;;;;14;0;7811;5;0,7;0;N;3;NÃO INFORMADO;;;;;;;;;;        ;               ;0,7;3;;;;;0;0;0;0;0;0;0;;0;0;0;;0;0;;;;ESTACIONAMENTO,
2;47531;22/12/2020 09:20;EHCLQEUK;RPS-C;UPA01;42540;21/12/2020;5.723.751-4;2;26.024.787/0004-68;INOVAR ESTACIONAMENTOS E SERVIÇOS S.A.;R;Domingos de Morais;2781;;Vila Mariana;São Paulo;SP;04035-001;;0;T;;;;10;0;7811;5;0,5;0;N;3;NÃO INFORMADO;;;;;;;;;;        ;               ;0,5;3;;;;;0;0;0;0;0;0;0;;0;0;0;;0;0;;;;ESTACIONAMENTO,
2;47482;22/12/2020 09:20;BPD696EI;RPS-C;UPA01;42491;21/12/2020;5.723.751-4;2;26.024.787/0004-68;INOVAR ESTACIONAMENTOS E SERVIÇOS S.A.;R;Domingos de Morais;2781;;Vila Mariana;São Paulo;SP;04035-001;;0;T;;;;10;0;7811;5;0,5;0;N;3;NÃO INFORMADO;;;;;;;;;;        ;               ;0,5;3;;;;;0;0;0;0;0;0;0;;0;0;0;;0;0;;;;ESTACIONAMENTO,
2;47481;22/12/2020 09:20;F3NX5LGZ;RPS-C;UPA01;42490;21/12/2020;5.723.751-4;2;26.024.787/0004-68;INOVAR ESTACIONAMENTOS E SERVIÇOS S.A.;R;Domingos de Morais;2781;;Vila Mariana;São Paulo;SP;04035-001;;0;T;;;;14;0;7811;5;0,7;0;N;3;NÃO INFORMADO;;;;;;;;;;        ;               ;0,7;3;;;;;0;0;0;0;0;0;0;;0;0;0;;0;0;;;;ESTACIONAMENTO,
2;47422;21/12/2020 08:46;BP91RNII;RPS-C;UPA01;42431;19/12/2020;5.723.751-4;2;26.024.787/0004-68;INOVAR ESTACIONAMENTOS E SERVIÇOS S.A.;R;Domingos de Morais;2781;;Vila Mariana;São Paulo;SP;04035-001;;0;T;;;;10;0;7811;5;0,5;0;N;3;NÃO INFORMADO;;;;;;;;;;        ;               ;0,5;3;;;;;0;0;0;0;0;0;0;;0;0;0;;0;0;;;;ESTACIONAMENTO,
2;47421;21/12/2020 08:46;CSD34CWJ;RPS-C;UPA01;42430;19/12/2020;5.723.751-4;2;26.024.787/0004-68;INOVAR ESTACIONAMENTOS E SERVIÇOS S.A.;R;Domingos de Morais;2781;;Vila Mariana;São Paulo;SP;04035-001;;0;T;;;;25;0;7811;5;1,25;0;N;3;NÃO INFORMADO;;;;;;;;;;        ;               ;1,25;3;;;;;0;0;0;0;0;0;0;;0;0;0;;0;0;;;;ESTACIONAMENTO,
2;47420;21/12/2020 08:46;LIAFHSQF;RPS-C;UPA01;42429;19/12/2020;5.723.751-4;2;26.024.787/0004-68;INOVAR ESTACIONAMENTOS E SERVIÇOS S.A.;R;Domingos de Morais;2781;;Vila Mariana;São Paulo;SP;04035-001;;0;T;;;;10;0;7811;5;0,5;0;N;3;NÃO INFORMADO;;;;;;;;;;        ;               ;0,5;3;;;;;0;0;0;0;0;0;0;;0;0;0;;0;0;;;;ESTACIONAMENTO,
2;47419;21/12/2020 08:46;L4YDLEHX;RPS-C;UPA01;42428;19/12/2020;5.723.751-4;2;26.024.787/0004-68;INOVAR ESTACIONAMENTOS E SERVIÇOS S.A.;R;Domingos de Morais;2781;;Vila Mariana;São Paulo;SP;04035-001;;0;T;;;;14;0;7811;5;0,7;0;N;3;NÃO INFORMADO;;;;;;;;;;        ;               ;0,7;3;;;;;0;0;0;0;0;0;0;;0;0;0;;0;0;;;;ESTACIONAMENTO,
2;47418;21/12/2020 08:46;ZIYPENUP;RPS-C;UPA01;42427;19/12/2020;5.723.751-4;2;26.024.787/0004-68;INOVAR ESTACIONAMENTOS E SERVIÇOS S.A.;R;Domingos de Morais;2781;;Vila Mariana;São Paulo;SP;04035-001;;0;T;;;;14;0;7811;5;0,7;0;N;3;NÃO INFORMADO;;;;;;;;;;        ;               ;0,7;3;;;;;0;0;0;0;0;0;0;;0;0;0;;0;0;;;;ESTACIONAMENTO,
2;47417;21/12/2020 08:46;AUC6U7B9;RPS-C;UPA01;42426;19/12/2020;5.723.751-4;2;26.024.787/0004-68;INOVAR ESTACIONAMENTOS E SERVIÇOS S.A.;R;Domingos de Morais;2781;;Vila Mariana;São Paulo;SP;04035-001;;0;T;;;;18;0;7811;5;0,9;0;N;3;NÃO INFORMADO;;;;;;;;;;        ;               ;0,9;3;;;;;0;0;0;0;0;0;0;;0;0;0;;0;0;;;;ESTACIONAMENTO,
2;47416;21/12/2020 08:46;FJPEZBRK;RPS-C;UPA01;42425;19/12/2020;5.723.751-4;2;26.024.787/0004-68;INOVAR ESTACIONAMENTOS E SERVIÇOS S.A.;R;Domingos de Morais;2781;;Vila Mariana;São Paulo;SP;04035-001;;0;T;;;;10;0;7811;5;0,5;0;N;3;NÃO INFORMADO;;;;;;;;;;        ;               ;0,5;3;;;;;0;0;0;0;0;0;0;;0;0;0;;0;0;;;;ESTACIONAMENTO,
2;47397;21/12/2020 08:46;PPYQLK87;RPS-C;UPA01;42406;19/12/2020;5.723.751-4;2;26.024.787/0004-68;INOVAR ESTACIONAMENTOS E SERVIÇOS S.A.;R;Domingos de Morais;2781;;Vila Mariana;São Paulo;SP;04035-001;;0;T;;;;10;0;7811;5;0,5;0;N;3;NÃO INFORMADO;;;;;;;;;;        ;               ;0,5;3;;;;;0;0;0;0;0;0;0;;0;0;0;;0;0;;;;ESTACIONAMENTO,
2;47396;21/12/2020 08:46;W8L4IQ8K;RPS-C;UPA01;42405;19/12/2020;5.723.751-4;2;26.024.787/0004-68;INOVAR ESTACIONAMENTOS E SERVIÇOS S.A.;R;Domingos de Morais;2781;;Vila Mariana;São Paulo;SP;04035-001;;0;T;;;;10;0;7811;5;0,5;0;N;3;NÃO INFORMADO;;;;;;;;;;        ;               ;0,5;3;;;;;0;0;0;0;0;0;0;;0;0;0;;0;0;;;;ESTACIONAMENTO,
2;47395;21/12/2020 08:46;ZGGPFIG4;RPS-C;UPA01;42404;19/12/2020;5.723.751-4;2;26.024.787/0004-68;INOVAR ESTACIONAMENTOS E SERVIÇOS S.A.;R;Domingos de Morais;2781;;Vila Mariana;São Paulo;SP;04035-001;;0;T;;;;10;0;7811;5;0,5;0;N;3;NÃO INFORMADO;;;;;;;;;;        ;               ;0,5;3;;;;;0;0;0;0;0;0;0;;0;0;0;;0;0;;;;ESTACIONAMENTO,
2;47394;21/12/2020 08:46;GPA1RW3L;RPS-C;UPA01;42403;19/12/2020;5.723.751-4;2;26.024.787/0004-68;INOVAR ESTACIONAMENTOS E SERVIÇOS S.A.;R;Domingos de Morais;2781;;Vila Mariana;São Paulo;SP;04035-001;;0;T;;;;14;0;7811;5;0,7;0;N;3;NÃO INFORMADO;;;;;;;;;;        ;               ;0,7;3;;;;;0;0;0;0;0;0;0;;0;0;0;;0;0;;;;ESTACIONAMENTO,
2;47393;21/12/2020 08:46;RUUT9LLU;RPS-C;UPA01;42402;19/12/2020;5.723.751-4;2;26.024.787/0004-68;INOVAR ESTACIONAMENTOS E SERVIÇOS S.A.;R;Domingos de Morais;2781;;Vila Mariana;São Paulo;SP;04035-001;;0;T;;;;14;0;7811;5;0,7;0;N;3;NÃO INFORMADO;;;;;;;;;;        ;               ;0,7;3;;;;;0;0;0;0;0;0;0;;0;0;0;;0;0;;;;ESTACIONAMENTO,
2;47391;21/12/2020 08:46;BJBMR9TH;RPS-C;UPA01;42400;19/12/2020;5.723.751-4;2;26.024.787/0004-68;INOVAR ESTACIONAMENTOS E SERVIÇOS S.A.;R;Domingos de Morais;2781;;Vila Mariana;São Paulo;SP;04035-001;;0;T;;;;10;0;7811;5;0,5;0;N;3;NÃO INFORMADO;;;;;;;;;;        ;               ;0,5;3;;;;;0;0;0;0;0;0;0;;0;0;0;;0;0;;;;ESTACIONAMENTO,
2;47390;21/12/2020 08:46;MIHUBWYX;RPS-C;UPA01;42399;19/12/2020;5.723.751-4;2;26.024.787/0004-68;INOVAR ESTACIONAMENTOS E SERVIÇOS S.A.;R;Domingos de Morais;2781;;Vila Mariana;São Paulo;SP;04035-001;;0;T;;;;10;0;7811;5;0,5;0;N;3;NÃO INFORMADO;;;;;;;;;;        ;               ;0,5;3;;;;;0;0;0;0;0;0;0;;0;0;0;;0;0;;;;ESTACIONAMENTO,
2;47389;21/12/2020 08:46;8SN91PSJ;RPS-C;UPA01;42398;19/12/2020;5.723.751-4;2;26.024.787/0004-68;INOVAR ESTACIONAMENTOS E SERVIÇOS S.A.;R;Domingos de Morais;2781;;Vila Mariana;São Paulo;SP;04035-001;;0;T;;;;18;0;7811;5;0,9;0;N;3;NÃO INFORMADO;;;;;;;;;;        ;               ;0,9;3;;;;;0;0;0;0;0;0;0;;0;0;0;;0;0;;;;ESTACIONAMENTO,
2;47388;21/12/2020 08:46;YDVN5F5V;RPS-C;UPA01;42397;19/12/2020;5.723.751-4;2;26.024.787/0004-68;INOVAR ESTACIONAMENTOS E SERVIÇOS S.A.;R;Domingos de Morais;2781;;Vila Mariana;São Paulo;SP;04035-001;;0;T;;;;10;0;7811;5;0,5;0;N;3;NÃO INFORMADO;;;;;;;;;;        ;               ;0,5;3;;;;;0;0;0;0;0;0;0;;0;0;0;;0;0;;;;ESTACIONAMENTO,
2;47387;21/12/2020 08:46;NNFSPIUC;RPS-C;UPA01;42396;19/12/2020;5.723.751-4;2;26.024.787/0004-68;INOVAR ESTACIONAMENTOS E SERVIÇOS S.A.;R;Domingos de Morais;2781;;Vila Mariana;São Paulo;SP;04035-001;;0;T;;;;10;0;7811;5;0,5;0;N;3;NÃO INFORMADO;;;;;;;;;;        ;               ;0,5;3;;;;;0;0;0;0;0;0;0;;0;0;0;;0;0;;;;ESTACIONAMENTO,
2;47386;21/12/2020 08:46;GFUCP6A3;RPS-C;UPA01;42395;19/12/2020;5.723.751-4;2;26.024.787/0004-68;INOVAR ESTACIONAMENTOS E SERVIÇOS S.A.;R;Domingos de Morais;2781;;Vila Mariana;São Paulo;SP;04035-001;;0;T;;;;10;0;7811;5;0,5;0;N;3;NÃO INFORMADO;;;;;;;;;;        ;               ;0,5;3;;;;;0;0;0;0;0;0;0;;0;0;0;;0;0;;;;ESTACIONAMENTO,
2;47385;21/12/2020 08:46;WRLICX74;RPS-C;UPA01;42394;19/12/2020;5.723.751-4;2;26.024.787/0004-68;INOVAR ESTACIONAMENTOS E SERVIÇOS S.A.;R;Domingos de Morais;2781;;Vila Mariana;São Paulo;SP;04035-001;;0;T;;;;14;0;7811;5;0,7;0;N;3;NÃO INFORMADO;;;;;;;;;;        ;               ;0,7;3;;;;;0;0;0;0;0;0;0;;0;0;0;;0;0;;;;ESTACIONAMENTO,
2;47384;21/12/2020 08:46;J49VGBBJ;RPS-C;UPA01;42393;19/12/2020;5.723.751-4;2;26.024.787/0004-68;INOVAR ESTACIONAMENTOS E SERVIÇOS S.A.;R;Domingos de Morais;2781;;Vila Mariana;São Paulo;SP;04035-001;;0;T;;;;10;0;7811;5;0,5;0;N;3;NÃO INFORMADO;;;;;;;;;;        ;               ;0,5;3;;;;;0;0;0;0;0;0;0;;0;0;0;;0;0;;;;ESTACIONAMENTO,
2;47383;21/12/2020 08:46;5JKWNLFR;RPS-C;UPA01;42392;19/12/2020;5.723.751-4;2;26.024.787/0004-68;INOVAR ESTACIONAMENTOS E SERVIÇOS S.A.;R;Domingos de Morais;2781;;Vila Mariana;São Paulo;SP;04035-001;;0;T;;;;10;0;7811;5;0,5;0;N;3;NÃO INFORMADO;;;;;;;;;;        ;               ;0,5;3;;;;;0;0;0;0;0;0;0;;0;0;0;;0;0;;;;ESTACIONAMENTO,
2;47382;21/12/2020 08:46;6GCCENNV;RPS-C;UPA01;42391;19/12/2020;5.723.751-4;2;26.024.787/0004-68;INOVAR ESTACIONAMENTOS E SERVIÇOS S.A.;R;Domingos de Morais;2781;;Vila Mariana;São Paulo;SP;04035-001;;0;T;;;;14;0;7811;5;0,7;0;N;3;NÃO INFORMADO;;;;;;;;;;        ;               ;0,7;3;;;;;0;0;0;0;0;0;0;;0;0;0;;0;0;;;;ESTACIONAMENTO,
2;47381;21/12/2020 08:46;S6SAN3GU;RPS-C;UPA01;42390;19/12/2020;5.723.751-4;2;26.024.787/0004-68;INOVAR ESTACIONAMENTOS E SERVIÇOS S.A.;R;Domingos de Morais;2781;;Vila Mariana;São Paulo;SP;04035-001;;0;T;;;;14;0;7811;5;0,7;0;N;3;NÃO INFORMADO;;;;;;;;;;        ;               ;0,7;3;;;;;0;0;0;0;0;0;0;;0;0;0;;0;0;;;;ESTACIONAMENTO,
2;47380;21/12/2020 08:46;BHMPNSRT;RPS-C;UPA01;42389;19/12/2020;5.723.751-4;2;26.024.787/0004-68;INOVAR ESTACIONAMENTOS E SERVIÇOS S.A.;R;Domingos de Morais;2781;;Vila Mariana;São Paulo;SP;04035-001;;0;T;;;;14;0;7811;5;0,7;0;N;3;NÃO INFORMADO;;;;;;;;;;        ;               ;0,7;3;;;;;0;0;0;0;0;0;0;;0;0;0;;0;0;;;;ESTACIONAMENTO,
2;47379;21/12/2020 08:46;RBSEZB31;RPS-C;UPA01;42388;19/12/2020;5.723.751-4;2;26.024.787/0004-68;INOVAR ESTACIONAMENTOS E SERVIÇOS S.A.;R;Domingos de Morais;2781;;Vila Mariana;São Paulo;SP;04035-001;;0;T;;;;10;0;7811;5;0,5;0;N;3;NÃO INFORMADO;;;;;;;;;;        ;               ;0,5;3;;;;;0;0;0;0;0;0;0;;0;0;0;;0;0;;;;ESTACIONAMENTO,
2;47377;21/12/2020 08:46;3R9KAQZG;RPS-C;UPA01;42386;19/12/2020;5.723.751-4;2;26.024.787/0004-68;INOVAR ESTACIONAMENTOS E SERVIÇOS S.A.;R;Domingos de Morais;2781;;Vila Mariana;São Paulo;SP;04035-001;;0;T;;;;14;0;7811;5;0,7;0;N;3;NÃO INFORMADO;;;;;;;;;;        ;               ;0,7;3;;;;;0;0;0;0;0;0;0;;0;0;0;;0;0;;;;ESTACIONAMENTO,
2;47376;21/12/2020 08:45;QXUH79DP;RPS-C;UPA01;42385;18/12/2020;5.723.751-4;2;26.024.787/0004-68;INOVAR ESTACIONAMENTOS E SERVIÇOS S.A.;R;Domingos de Morais;2781;;Vila Mariana;São Paulo;SP;04035-001;;0;T;;;;14;0;7811;5;0,7;0;N;3;NÃO INFORMADO;;;;;;;;;;        ;               ;0,7;3;;;;;0;0;0;0;0;0;0;;0;0;0;;0;0;;;;ESTACIONAMENTO,
2;47375;21/12/2020 08:45;CUDZHIAQ;RPS-C;UPA01;42384;18/12/2020;5.723.751-4;2;26.024.787/0004-68;INOVAR ESTACIONAMENTOS E SERVIÇOS S.A.;R;Domingos de Morais;2781;;Vila Mariana;São Paulo;SP;04035-001;;0;T;;;;14;0;7811;5;0,7;0;N;3;NÃO INFORMADO;;;;;;;;;;        ;               ;0,7;3;;;;;0;0;0;0;0;0;0;;0;0;0;;0;0;;;;ESTACIONAMENTO,
2;47374;21/12/2020 08:45;MCAH28KX;RPS-C;UPA01;42383;18/12/2020;5.723.751-4;2;26.024.787/0004-68;INOVAR ESTACIONAMENTOS E SERVIÇOS S.A.;R;Domingos de Morais;2781;;Vila Mariana;São Paulo;SP;04035-001;;0;T;;;;14,4;0;7811;5;0,72;0;N;3;NÃO INFORMADO;;;;;;;;;;        ;               ;0,72;3;;;;;0;0;0;0;0;0;0;;0;0;0;;0;0;;;;ESTACIONAMENTO
2;47373;21/12/2020 08:45;B2JGFJEV;RPS-C;UPA01;42382;18/12/2020;5.723.751-4;2;26.024.787/0004-68;INOVAR ESTACIONAMENTOS E SERVIÇOS S.A.;R;Domingos de Morais;2781;;Vila Mariana;São Paulo;SP;04035-001;;0;T;;;;14;0;7811;5;0,7;0;N;3;NÃO INFORMADO;;;;;;;;;;        ;               ;0,7;3;;;;;0;0;0;0;0;0;0;;0;0;0;;0;0;;;;ESTACIONAMENTO,
2;47372;21/12/2020 08:45;DUWSH2UH;RPS-C;UPA01;42381;18/12/2020;5.723.751-4;2;26.024.787/0004-68;INOVAR ESTACIONAMENTOS E SERVIÇOS S.A.;R;Domingos de Morais;2781;;Vila Mariana;São Paulo;SP;04035-001;;0;T;;;;10;0;7811;5;0,5;0;N;3;NÃO INFORMADO;;;;;;;;;;        ;               ;0,5;3;;;;;0;0;0;0;0;0;0;;0;0;0;;0;0;;;;ESTACIONAMENTO,
2;47333;21/12/2020 08:45;GT1BE8Y8;RPS-C;UPA01;42342;18/12/2020;5.723.751-4;2;26.024.787/0004-68;INOVAR ESTACIONAMENTOS E SERVIÇOS S.A.;R;Domingos de Morais;2781;;Vila Mariana;São Paulo;SP;04035-001;;0;T;;;;14;0;7811;5;0,7;0;N;3;NÃO INFORMADO;;;;;;;;;;        ;               ;0,7;3;;;;;0;0;0;0;0;0;0;;0;0;0;;0;0;;;;ESTACIONAMENTO,
2;47332;21/12/2020 08:45;PEU6CX1T;RPS-C;UPA01;42341;18/12/2020;5.723.751-4;2;26.024.787/0004-68;INOVAR ESTACIONAMENTOS E SERVIÇOS S.A.;R;Domingos de Morais;2781;;Vila Mariana;São Paulo;SP;04035-001;;0;T;;;;14;0;7811;5;0,7;0;N;3;NÃO INFORMADO;;;;;;;;;;        ;               ;0,7;3;;;;;0;0;0;0;0;0;0;;0;0;0;;0;0;;;;ESTACIONAMENTO,
2;47331;21/12/2020 08:45;EDELJEKY;RPS-C;UPA01;42340;18/12/2020;5.723.751-4;2;26.024.787/0004-68;INOVAR ESTACIONAMENTOS E SERVIÇOS S.A.;R;Domingos de Morais;2781;;Vila Mariana;São Paulo;SP;04035-001;;0;T;;;;10;0;7811;5;0,5;0;N;3;NÃO INFORMADO;;;;;;;;;;        ;               ;0,5;3;;;;;0;0;0;0;0;0;0;;0;0;0;;0;0;;;;ESTACIONAMENTO,
2;47330;21/12/2020 08:45;HWWRYKAW;RPS-C;UPA01;42339;18/12/2020;5.723.751-4;2;26.024.787/0004-68;INOVAR ESTACIONAMENTOS E SERVIÇOS S.A.;R;Domingos de Morais;2781;;Vila Mariana;São Paulo;SP;04035-001;;0;T;;;;10;0;7811;5;0,5;0;N;3;NÃO INFORMADO;;;;;;;;;;        ;               ;0,5;3;;;;;0;0;0;0;0;0;0;;0;0;0;;0;0;;;;ESTACIONAMENTO,
2;47329;21/12/2020 08:45;LZZNEYCP;RPS-C;UPA01;42338;18/12/2020;5.723.751-4;2;26.024.787/0004-68;INOVAR ESTACIONAMENTOS E SERVIÇOS S.A.;R;Domingos de Morais;2781;;Vila Mariana;São Paulo;SP;04035-001;;0;T;;;;10;0;7811;5;0,5;0;N;3;NÃO INFORMADO;;;;;;;;;;        ;               ;0,5;3;;;;;0;0;0;0;0;0;0;;0;0;0;;0;0;;;;ESTACIONAMENTO,
2;47327;21/12/2020 08:45;AHHVGMQB;RPS-C;UPA01;42336;18/12/2020;5.723.751-4;2;26.024.787/0004-68;INOVAR ESTACIONAMENTOS E SERVIÇOS S.A.;R;Domingos de Morais;2781;;Vila Mariana;São Paulo;SP;04035-001;;0;T;;;;10;0;7811;5;0,5;0;N;3;NÃO INFORMADO;;;;;;;;;;        ;               ;0,5;3;;;;;0;0;0;0;0;0;0;;0;0;0;;0;0;;;;ESTACIONAMENTO,
2;47326;21/12/2020 08:45;J6LDXFML;RPS-C;UPA01;42335;18/12/2020;5.723.751-4;2;26.024.787/0004-68;INOVAR ESTACIONAMENTOS E SERVIÇOS S.A.;R;Domingos de Morais;2781;;Vila Mariana;São Paulo;SP;04035-001;;0;T;;;;14;0;7811;5;0,7;0;N;3;NÃO INFORMADO;;;;;;;;;;        ;               ;0,7;3;;;;;0;0;0;0;0;0;0;;0;0;0;;0;0;;;;ESTACIONAMENTO,
2;47325;21/12/2020 08:45;PL7SGNJC;RPS-C;UPA01;42334;18/12/2020;5.723.751-4;2;26.024.787/0004-68;INOVAR ESTACIONAMENTOS E SERVIÇOS S.A.;R;Domingos de Morais;2781;;Vila Mariana;São Paulo;SP;04035-001;;0;T;;;;14;0;7811;5;0,7;0;N;3;NÃO INFORMADO;;;;;;;;;;        ;               ;0,7;3;;;;;0;0;0;0;0;0;0;;0;0;0;;0;0;;;;ESTACIONAMENTO,
2;47324;21/12/2020 08:45;GDRSX1KV;RPS-C;UPA01;42333;18/12/2020;5.723.751-4;2;26.024.787/0004-68;INOVAR ESTACIONAMENTOS E SERVIÇOS S.A.;R;Domingos de Morais;2781;;Vila Mariana;São Paulo;SP;04035-001;;0;T;;;;10;0;7811;5;0,5;0;N;3;NÃO INFORMADO;;;;;;;;;;        ;               ;0,5;3;;;;;0;0;0;0;0;0;0;;0;0;0;;0;0;;;;ESTACIONAMENTO,
2;47323;21/12/2020 08:45;7ZWD6H2V;RPS-C;UPA01;42332;18/12/2020;5.723.751-4;2;26.024.787/0004-68;INOVAR ESTACIONAMENTOS E SERVIÇOS S.A.;R;Domingos de Morais;2781;;Vila Mariana;São Paulo;SP;04035-001;;0;T;;;;14;0;7811;5;0,7;0;N;3;NÃO INFORMADO;;;;;;;;;;        ;               ;0,7;3;;;;;0;0;0;0;0;0;0;;0;0;0;;0;0;;;;ESTACIONAMENTO,
2;47322;21/12/2020 08:45;8PRZEJI6;RPS-C;UPA01;42331;18/12/2020;5.723.751-4;2;26.024.787/0004-68;INOVAR ESTACIONAMENTOS E SERVIÇOS S.A.;R;Domingos de Morais;2781;;Vila Mariana;São Paulo;SP;04035-001;;0;T;;;;10;0;7811;5;0,5;0;N;3;NÃO INFORMADO;;;;;;;;;;        ;               ;0,5;3;;;;;0;0;0;0;0;0;0;;0;0;0;;0;0;;;;ESTACIONAMENTO,
2;47321;21/12/2020 08:45;T7CAI9KZ;RPS-C;UPA01;42330;18/12/2020;5.723.751-4;2;26.024.787/0004-68;INOVAR ESTACIONAMENTOS E SERVIÇOS S.A.;R;Domingos de Morais;2781;;Vila Mariana;São Paulo;SP;04035-001;;0;T;;;;10;0;7811;5;0,5;0;N;3;NÃO INFORMADO;;;;;;;;;;        ;               ;0,5;3;;;;;0;0;0;0;0;0;0;;0;0;0;;0;0;;;;ESTACIONAMENTO,
2;47320;21/12/2020 08:45;WMDA43FH;RPS-C;UPA01;42329;18/12/2020;5.723.751-4;2;26.024.787/0004-68;INOVAR ESTACIONAMENTOS E SERVIÇOS S.A.;R;Domingos de Morais;2781;;Vila Mariana;São Paulo;SP;04035-001;;0;T;;;;14;0;7811;5;0,7;0;N;3;NÃO INFORMADO;;;;;;;;;;        ;               ;0,7;3;;;;;0;0;0;0;0;0;0;;0;0;0;;0;0;;;;ESTACIONAMENTO,
2;47319;21/12/2020 08:45;GSMAJC1E;RPS-C;UPA01;42328;18/12/2020;5.723.751-4;2;26.024.787/0004-68;INOVAR ESTACIONAMENTOS E SERVIÇOS S.A.;R;Domingos de Morais;2781;;Vila Mariana;São Paulo;SP;04035-001;;0;T;;;;22;0;7811;5;1,1;0;N;3;NÃO INFORMADO;;;;;;;;;;        ;               ;1,1;3;;;;;0;0;0;0;0;0;0;;0;0;0;;0;0;;;;ESTACIONAMENTO,
2;46970;16/12/2020 08:51;1KJXQMLS;RPS-C;UPA01;41980;15/12/2020;5.723.751-4;2;26.024.787/0004-68;INOVAR ESTACIONAMENTOS E SERVIÇOS S.A.;R;Domingos de Morais;2781;;Vila Mariana;São Paulo;SP;04035-001;;0;T;;;;14;0;7811;5;0,7;0;N;3;NÃO INFORMADO;;;;;;;;;;        ;               ;0,7;3;;;;;0;0;0;0;0;0;0;;0;0;0;;0;0;;;;ESTACIONAMENTO,
2;46945;16/12/2020 08:51;E9YXLMZI;RPS-C;UPA01;41955;15/12/2020;5.723.751-4;2;26.024.787/0004-68;INOVAR ESTACIONAMENTOS E SERVIÇOS S.A.;R;Domingos de Morais;2781;;Vila Mariana;São Paulo;SP;04035-001;;0;T;;;;18;0;7811;5;0,9;0;N;3;NÃO INFORMADO;;;;;;;;;;        ;               ;0,9;3;;;;;0;0;0;0;0;0;0;;0;0;0;;0;0;;;;ESTACIONAMENTO,
2;46944;16/12/2020 08:51;L3KCWEBE;RPS-C;UPA01;41954;15/12/2020;5.723.751-4;2;26.024.787/0004-68;INOVAR ESTACIONAMENTOS E SERVIÇOS S.A.;R;Domingos de Morais;2781;;Vila Mariana;São Paulo;SP;04035-001;;0;T;;;;10;0;7811;5;0,5;0;N;3;NÃO INFORMADO;;;;;;;;;;        ;               ;0,5;3;;;;;0;0;0;0;0;0;0;;0;0;0;;0;0;;;;ESTACIONAMENTO,
2;46943;16/12/2020 08:51;LMLKVXTW;RPS-C;UPA01;41953;15/12/2020;5.723.751-4;2;26.024.787/0004-68;INOVAR ESTACIONAMENTOS E SERVIÇOS S.A.;R;Domingos de Morais;2781;;Vila Mariana;São Paulo;SP;04035-001;;0;T;;;;10;0;7811;5;0,5;0;N;3;NÃO INFORMADO;;;;;;;;;;        ;               ;0,5;3;;;;;0;0;0;0;0;0;0;;0;0;0;;0;0;;;;ESTACIONAMENTO,
2;46942;16/12/2020 08:51;VGBXURNE;RPS-C;UPA01;41952;15/12/2020;5.723.751-4;2;26.024.787/0004-68;INOVAR ESTACIONAMENTOS E SERVIÇOS S.A.;R;Domingos de Morais;2781;;Vila Mariana;São Paulo;SP;04035-001;;0;T;;;;10;0;7811;5;0,5;0;N;3;NÃO INFORMADO;;;;;;;;;;        ;               ;0,5;3;;;;;0;0;0;0;0;0;0;;0;0;0;;0;0;;;;ESTACIONAMENTO,
2;46941;16/12/2020 08:51;ZZZPMQUE;RPS-C;UPA01;41951;15/12/2020;5.723.751-4;2;26.024.787/0004-68;INOVAR ESTACIONAMENTOS E SERVIÇOS S.A.;R;Domingos de Morais;2781;;Vila Mariana;São Paulo;SP;04035-001;;0;T;;;;22;0;7811;5;1,1;0;N;3;NÃO INFORMADO;;;;;;;;;;        ;               ;1,1;3;;;;;0;0;0;0;0;0;0;;0;0;0;;0;0;;;;ESTACIONAMENTO,
2;46940;16/12/2020 08:51;BAVBBR5S;RPS-C;UPA01;41950;15/12/2020;5.723.751-4;2;26.024.787/0004-68;INOVAR ESTACIONAMENTOS E SERVIÇOS S.A.;R;Domingos de Morais;2781;;Vila Mariana;São Paulo;SP;04035-001;;0;T;;;;10;0;7811;5;0,5;0;N;3;NÃO INFORMADO;;;;;;;;;;        ;               ;0,5;3;;;;;0;0;0;0;0;0;0;;0;0;0;;0;0;;;;ESTACIONAMENTO,
2;46920;16/12/2020 08:51;B6BTFZLK;RPS-C;UPA01;41930;15/12/2020;5.723.751-4;2;26.024.787/0004-68;INOVAR ESTACIONAMENTOS E SERVIÇOS S.A.;R;Domingos de Morais;2781;;Vila Mariana;São Paulo;SP;04035-001;;0;T;;;;14;0;7811;5;0,7;0;N;3;NÃO INFORMADO;;;;;;;;;;        ;               ;0,7;3;;;;;0;0;0;0;0;0;0;;0;0;0;;0;0;;;;ESTACIONAMENTO,
2;46919;16/12/2020 08:51;V49ESRMH;RPS-C;UPA01;41929;15/12/2020;5.723.751-4;2;26.024.787/0004-68;INOVAR ESTACIONAMENTOS E SERVIÇOS S.A.;R;Domingos de Morais;2781;;Vila Mariana;São Paulo;SP;04035-001;;0;T;;;;14;0;7811;5;0,7;0;N;3;NÃO INFORMADO;;;;;;;;;;        ;               ;0,7;3;;;;;0;0;0;0;0;0;0;;0;0;0;;0;0;;;;ESTACIONAMENTO,
2;46918;16/12/2020 08:51;AJGH6SQK;RPS-C;UPA01;41928;15/12/2020;5.723.751-4;2;26.024.787/0004-68;INOVAR ESTACIONAMENTOS E SERVIÇOS S.A.;R;Domingos de Morais;2781;;Vila Mariana;São Paulo;SP;04035-001;;0;T;;;;22;0;7811;5;1,1;0;N;3;NÃO INFORMADO;;;;;;;;;;        ;               ;1,1;3;;;;;0;0;0;0;0;0;0;;0;0;0;;0;0;;;;ESTACIONAMENTO,
2;46917;16/12/2020 08:51;4JRYCEEN;RPS-C;UPA01;41927;15/12/2020;5.723.751-4;2;26.024.787/0004-68;INOVAR ESTACIONAMENTOS E SERVIÇOS S.A.;R;Domingos de Morais;2781;;Vila Mariana;São Paulo;SP;04035-001;;0;T;;;;14;0;7811;5;0,7;0;N;3;NÃO INFORMADO;;;;;;;;;;        ;               ;0,7;3;;;;;0;0;0;0;0;0;0;;0;0;0;;0;0;;;;ESTACIONAMENTO,
2;46916;16/12/2020 08:51;9Y9GKMKF;RPS-C;UPA01;41926;15/12/2020;5.723.751-4;2;26.024.787/0004-68;INOVAR ESTACIONAMENTOS E SERVIÇOS S.A.;R;Domingos de Morais;2781;;Vila Mariana;São Paulo;SP;04035-001;;0;T;;;;14;0;7811;5;0,7;0;N;3;NÃO INFORMADO;;;;;;;;;;        ;               ;0,7;3;;;;;0;0;0;0;0;0;0;;0;0;0;;0;0;;;;ESTACIONAMENTO,
2;46896;16/12/2020 08:51;1DMG61G6;RPS-C;UPA01;41906;15/12/2020;5.723.751-4;2;26.024.787/0004-68;INOVAR ESTACIONAMENTOS E SERVIÇOS S.A.;R;Domingos de Morais;2781;;Vila Mariana;São Paulo;SP;04035-001;;0;T;;;;10;0;7811;5;0,5;0;N;3;NÃO INFORMADO;;;;;;;;;;        ;               ;0,5;3;;;;;0;0;0;0;0;0;0;;0;0;0;;0;0;;;;ESTACIONAMENTO,
2;46895;16/12/2020 08:51;SEHEMETG;RPS-C;UPA01;41905;15/12/2020;5.723.751-4;2;26.024.787/0004-68;INOVAR ESTACIONAMENTOS E SERVIÇOS S.A.;R;Domingos de Morais;2781;;Vila Mariana;São Paulo;SP;04035-001;;0;T;;;;14;0;7811;5;0,7;0;N;3;NÃO INFORMADO;;;;;;;;;;        ;               ;0,7;3;;;;;0;0;0;0;0;0;0;;0;0;0;;0;0;;;;ESTACIONAMENTO,
2;46894;16/12/2020 08:51;IPQ7KX2B;RPS-C;UPA01;41904;15/12/2020;5.723.751-4;2;26.024.787/0004-68;INOVAR ESTACIONAMENTOS E SERVIÇOS S.A.;R;Domingos de Morais;2781;;Vila Mariana;São Paulo;SP;04035-001;;0;T;;;;14;0;7811;5;0,7;0;N;3;NÃO INFORMADO;;;;;;;;;;        ;               ;0,7;3;;;;;0;0;0;0;0;0;0;;0;0;0;;0;0;;;;ESTACIONAMENTO,
2;46893;16/12/2020 08:51;GRVPPVM3;RPS-C;UPA01;41903;15/12/2020;5.723.751-4;2;26.024.787/0004-68;INOVAR ESTACIONAMENTOS E SERVIÇOS S.A.;R;Domingos de Morais;2781;;Vila Mariana;São Paulo;SP;04035-001;;0;T;;;;14;0;7811;5;0,7;0;N;3;NÃO INFORMADO;;;;;;;;;;        ;               ;0,7;3;;;;;0;0;0;0;0;0;0;;0;0;0;;0;0;;;;ESTACIONAMENTO,
2;46892;16/12/2020 08:51;EQYFCTPZ;RPS-C;UPA01;41902;15/12/2020;5.723.751-4;2;26.024.787/0004-68;INOVAR ESTACIONAMENTOS E SERVIÇOS S.A.;R;Domingos de Morais;2781;;Vila Mariana;São Paulo;SP;04035-001;;0;T;;;;14;0;7811;5;0,7;0;N;3;NÃO INFORMADO;;;;;;;;;;        ;               ;0,7;3;;;;;0;0;0;0;0;0;0;;0;0;0;;0;0;;;;ESTACIONAMENTO,
2;46891;16/12/2020 08:51;2QLTRFJJ;RPS-C;UPA01;41901;15/12/2020;5.723.751-4;2;26.024.787/0004-68;INOVAR ESTACIONAMENTOS E SERVIÇOS S.A.;R;Domingos de Morais;2781;;Vila Mariana;São Paulo;SP;04035-001;;0;T;;;;14;0;7811;5;0,7;0;N;3;NÃO INFORMADO;;;;;;;;;;        ;               ;0,7;3;;;;;0;0;0;0;0;0;0;;0;0;0;;0;0;;;;ESTACIONAMENTO,
2;46890;16/12/2020 08:51;7DFLEJYP;RPS-C;UPA01;41900;15/12/2020;5.723.751-4;2;26.024.787/0004-68;INOVAR ESTACIONAMENTOS E SERVIÇOS S.A.;R;Domingos de Morais;2781;;Vila Mariana;São Paulo;SP;04035-001;;0;T;;;;14;0;7811;5;0,7;0;N;3;NÃO INFORMADO;;;;;;;;;;        ;               ;0,7;3;;;;;0;0;0;0;0;0;0;;0;0;0;;0;0;;;;ESTACIONAMENTO,
2;46889;16/12/2020 08:51;H6ZLY9YW;RPS-C;UPA01;41899;15/12/2020;5.723.751-4;2;26.024.787/0004-68;INOVAR ESTACIONAMENTOS E SERVIÇOS S.A.;R;Domingos de Morais;2781;;Vila Mariana;São Paulo;SP;04035-001;;0;T;;;;10;0;7811;5;0,5;0;N;3;NÃO INFORMADO;;;;;;;;;;        ;               ;0,5;3;;;;;0;0;0;0;0;0;0;;0;0;0;;0;0;;;;ESTACIONAMENTO,
2;46854;15/12/2020 08:29;ANXDQRVN;RPS-C;UPA01;41865;14/12/2020;5.723.751-4;2;26.024.787/0004-68;INOVAR ESTACIONAMENTOS E SERVIÇOS S.A.;R;Domingos de Morais;2781;;Vila Mariana;São Paulo;SP;04035-001;;0;T;;;;18;0;7811;5;0,9;0;N;3;NÃO INFORMADO;;;;;;;;;;        ;               ;0,9;3;;;;;0;0;0;0;0;0;0;;0;0;0;;0;0;;;;ESTACIONAMENTO,
2;46853;15/12/2020 08:29;ZG9IQAI1;RPS-C;UPA01;41864;14/12/2020;5.723.751-4;2;26.024.787/0004-68;INOVAR ESTACIONAMENTOS E SERVIÇOS S.A.;R;Domingos de Morais;2781;;Vila Mariana;São Paulo;SP;04035-001;;0;T;;;;14;0;7811;5;0,7;0;N;3;NÃO INFORMADO;;;;;;;;;;        ;               ;0,7;3;;;;;0;0;0;0;0;0;0;;0;0;0;;0;0;;;;ESTACIONAMENTO,
2;46852;15/12/2020 08:29;ECQMTVQE;RPS-C;UPA01;41863;14/12/2020;5.723.751-4;2;26.024.787/0004-68;INOVAR ESTACIONAMENTOS E SERVIÇOS S.A.;R;Domingos de Morais;2781;;Vila Mariana;São Paulo;SP;04035-001;;0;T;;;;14;0;7811;5;0,7;0;N;3;NÃO INFORMADO;;;;;;;;;;        ;               ;0,7;3;;;;;0;0;0;0;0;0;0;;0;0;0;;0;0;;;;ESTACIONAMENTO,
2;46851;15/12/2020 08:29;CTTB8DLJ;RPS-C;UPA01;41862;14/12/2020;5.723.751-4;2;26.024.787/0004-68;INOVAR ESTACIONAMENTOS E SERVIÇOS S.A.;R;Domingos de Morais;2781;;Vila Mariana;São Paulo;SP;04035-001;;0;T;;;;18;0;7811;5;0,9;0;N;3;NÃO INFORMADO;;;;;;;;;;        ;               ;0,9;3;;;;;0;0;0;0;0;0;0;;0;0;0;;0;0;;;;ESTACIONAMENTO,
2;46849;15/12/2020 08:29;UJX4UWIA;RPS-C;UPA01;41860;14/12/2020;5.723.751-4;2;26.024.787/0004-68;INOVAR ESTACIONAMENTOS E SERVIÇOS S.A.;R;Domingos de Morais;2781;;Vila Mariana;São Paulo;SP;04035-001;;0;T;;;;14;0;7811;5;0,7;0;N;3;NÃO INFORMADO;;;;;;;;;;        ;               ;0,7;3;;;;;0;0;0;0;0;0;0;;0;0;0;;0;0;;;;ESTACIONAMENTO,
2;46848;15/12/2020 08:29;Z3HSAXBF;RPS-C;UPA01;41859;14/12/2020;5.723.751-4;2;26.024.787/0004-68;INOVAR ESTACIONAMENTOS E SERVIÇOS S.A.;R;Domingos de Morais;2781;;Vila Mariana;São Paulo;SP;04035-001;;0;T;;;;18;0;7811;5;0,9;0;N;3;NÃO INFORMADO;;;;;;;;;;        ;               ;0,9;3;;;;;0;0;0;0;0;0;0;;0;0;0;;0;0;;;;ESTACIONAMENTO,
2;46847;15/12/2020 08:29;EGNPURSJ;RPS-C;UPA01;41858;14/12/2020;5.723.751-4;2;26.024.787/0004-68;INOVAR ESTACIONAMENTOS E SERVIÇOS S.A.;R;Domingos de Morais;2781;;Vila Mariana;São Paulo;SP;04035-001;;0;T;;;;18;0;7811;5;0,9;0;N;3;NÃO INFORMADO;;;;;;;;;;        ;               ;0,9;3;;;;;0;0;0;0;0;0;0;;0;0;0;;0;0;;;;ESTACIONAMENTO,
2;46846;15/12/2020 08:29;VGBLTJCG;RPS-C;UPA01;41857;14/12/2020;5.723.751-4;2;26.024.787/0004-68;INOVAR ESTACIONAMENTOS E SERVIÇOS S.A.;R;Domingos de Morais;2781;;Vila Mariana;São Paulo;SP;04035-001;;0;T;;;;10;0;7811;5;0,5;0;N;3;NÃO INFORMADO;;;;;;;;;;        ;               ;0,5;3;;;;;0;0;0;0;0;0;0;;0;0;0;;0;0;;;;ESTACIONAMENTO,
2;46825;15/12/2020 08:29;B3954GRT;RPS-C;UPA01;41836;14/12/2020;5.723.751-4;2;26.024.787/0004-68;INOVAR ESTACIONAMENTOS E SERVIÇOS S.A.;R;Domingos de Morais;2781;;Vila Mariana;São Paulo;SP;04035-001;;0;T;;;;10;0;7811;5;0,5;0;N;3;NÃO INFORMADO;;;;;;;;;;        ;               ;0,5;3;;;;;0;0;0;0;0;0;0;;0;0;0;;0;0;;;;ESTACIONAMENTO,
2;46799;15/12/2020 08:29;MGJ4BRNQ;RPS-C;UPA01;41810;14/12/2020;5.723.751-4;2;26.024.787/0004-68;INOVAR ESTACIONAMENTOS E SERVIÇOS S.A.;R;Domingos de Morais;2781;;Vila Mariana;São Paulo;SP;04035-001;;0;T;;;;10;0;7811;5;0,5;0;N;3;NÃO INFORMADO;;;;;;;;;;        ;               ;0,5;3;;;;;0;0;0;0;0;0;0;;0;0;0;;0;0;;;;ESTACIONAMENTO,
2;46798;15/12/2020 08:29;WMHEB3PZ;RPS-C;UPA01;41809;14/12/2020;5.723.751-4;2;26.024.787/0004-68;INOVAR ESTACIONAMENTOS E SERVIÇOS S.A.;R;Domingos de Morais;2781;;Vila Mariana;São Paulo;SP;04035-001;;0;T;;;;10;0;7811;5;0,5;0;N;3;NÃO INFORMADO;;;;;;;;;;        ;               ;0,5;3;;;;;0;0;0;0;0;0;0;;0;0;0;;0;0;;;;ESTACIONAMENTO,
2;46797;15/12/2020 08:29;PUPTDLXH;RPS-C;UPA01;41808;14/12/2020;5.723.751-4;2;26.024.787/0004-68;INOVAR ESTACIONAMENTOS E SERVIÇOS S.A.;R;Domingos de Morais;2781;;Vila Mariana;São Paulo;SP;04035-001;;0;T;;;;14;0;7811;5;0,7;0;N;3;NÃO INFORMADO;;;;;;;;;;        ;               ;0,7;3;;;;;0;0;0;0;0;0;0;;0;0;0;;0;0;;;;ESTACIONAMENTO,
2;46796;15/12/2020 08:29;BLFELABR;RPS-C;UPA01;41807;14/12/2020;5.723.751-4;2;26.024.787/0004-68;INOVAR ESTACIONAMENTOS E SERVIÇOS S.A.;R;Domingos de Morais;2781;;Vila Mariana;São Paulo;SP;04035-001;;0;T;;;;18;0;7811;5;0,9;0;N;3;NÃO INFORMADO;;;;;;;;;;        ;               ;0,9;3;;;;;0;0;0;0;0;0;0;;0;0;0;;0;0;;;;ESTACIONAMENTO,
2;46795;15/12/2020 08:29;AAH8194T;RPS-C;UPA01;41806;14/12/2020;5.723.751-4;2;26.024.787/0004-68;INOVAR ESTACIONAMENTOS E SERVIÇOS S.A.;R;Domingos de Morais;2781;;Vila Mariana;São Paulo;SP;04035-001;;0;T;;;;14;0;7811;5;0,7;0;N;3;NÃO INFORMADO;;;;;;;;;;        ;               ;0,7;3;;;;;0;0;0;0;0;0;0;;0;0;0;;0;0;;;;ESTACIONAMENTO,
2;46794;15/12/2020 08:29;EAPBQFPB;RPS-C;UPA01;41805;14/12/2020;5.723.751-4;2;26.024.787/0004-68;INOVAR ESTACIONAMENTOS E SERVIÇOS S.A.;R;Domingos de Morais;2781;;Vila Mariana;São Paulo;SP;04035-001;;0;T;;;;8;0;7811;5;0,4;0;N;3;NÃO INFORMADO;;;;;;;;;;        ;               ;0,4;3;;;;;0;0;0;0;0;0;0;;0;0;0;;0;0;;;;ESTACIONAMENTO,
2;46793;15/12/2020 08:29;BWMHVFYV;RPS-C;UPA01;41804;14/12/2020;5.723.751-4;2;26.024.787/0004-68;INOVAR ESTACIONAMENTOS E SERVIÇOS S.A.;R;Domingos de Morais;2781;;Vila Mariana;São Paulo;SP;04035-001;;0;T;;;;8;0;7811;5;0,4;0;N;3;NÃO INFORMADO;;;;;;;;;;        ;               ;0,4;3;;;;;0;0;0;0;0;0;0;;0;0;0;;0;0;;;;ESTACIONAMENTO,
2;46792;15/12/2020 08:29;AIMQRPNG;RPS-C;UPA01;41803;14/12/2020;5.723.751-4;2;26.024.787/0004-68;INOVAR ESTACIONAMENTOS E SERVIÇOS S.A.;R;Domingos de Morais;2781;;Vila Mariana;São Paulo;SP;04035-001;;0;T;;;;14,4;0;7811;5;0,72;0;N;3;NÃO INFORMADO;;;;;;;;;;        ;               ;0,72;3;;;;;0;0;0;0;0;0;0;;0;0;0;;0;0;;;;ESTACIONAMENTO
2;46791;15/12/2020 08:29;DBQZHAUK;RPS-C;UPA01;41802;14/12/2020;5.723.751-4;2;26.024.787/0004-68;INOVAR ESTACIONAMENTOS E SERVIÇOS S.A.;R;Domingos de Morais;2781;;Vila Mariana;São Paulo;SP;04035-001;;0;T;;;;18;0;7811;5;0,9;0;N;3;NÃO INFORMADO;;;;;;;;;;        ;               ;0,9;3;;;;;0;0;0;0;0;0;0;;0;0;0;;0;0;;;;ESTACIONAMENTO,
2;46790;15/12/2020 08:29;EPP36TIL;RPS-C;UPA01;41801;14/12/2020;5.723.751-4;2;26.024.787/0004-68;INOVAR ESTACIONAMENTOS E SERVIÇOS S.A.;R;Domingos de Morais;2781;;Vila Mariana;São Paulo;SP;04035-001;;0;T;;;;10;0;7811;5;0,5;0;N;3;NÃO INFORMADO;;;;;;;;;;        ;               ;0,5;3;;;;;0;0;0;0;0;0;0;;0;0;0;;0;0;;;;ESTACIONAMENTO,
2;46789;15/12/2020 08:29;KUMMTNP6;RPS-C;UPA01;41800;14/12/2020;5.723.751-4;2;26.024.787/0004-68;INOVAR ESTACIONAMENTOS E SERVIÇOS S.A.;R;Domingos de Morais;2781;;Vila Mariana;São Paulo;SP;04035-001;;0;T;;;;10;0;7811;5;0,5;0;N;3;NÃO INFORMADO;;;;;;;;;;        ;               ;0,5;3;;;;;0;0;0;0;0;0;0;;0;0;0;;0;0;;;;ESTACIONAMENTO,
2;46788;15/12/2020 08:29;FHL99QER;RPS-C;UPA01;41799;14/12/2020;5.723.751-4;2;26.024.787/0004-68;INOVAR ESTACIONAMENTOS E SERVIÇOS S.A.;R;Domingos de Morais;2781;;Vila Mariana;São Paulo;SP;04035-001;;0;T;;;;14,4;0;7811;5;0,72;0;N;3;NÃO INFORMADO;;;;;;;;;;        ;               ;0,72;3;;;;;0;0;0;0;0;0;0;;0;0;0;;0;0;;;;ESTACIONAMENTO
2;46787;15/12/2020 08:29;ZINNQ8DR;RPS-C;UPA01;41798;14/12/2020;5.723.751-4;2;26.024.787/0004-68;INOVAR ESTACIONAMENTOS E SERVIÇOS S.A.;R;Domingos de Morais;2781;;Vila Mariana;São Paulo;SP;04035-001;;0;T;;;;10;0;7811;5;0,5;0;N;3;NÃO INFORMADO;;;;;;;;;;        ;               ;0,5;3;;;;;0;0;0;0;0;0;0;;0;0;0;;0;0;;;;ESTACIONAMENTO,
2;46786;15/12/2020 08:29;XZXYPCSU;RPS-C;UPA01;41797;14/12/2020;5.723.751-4;2;26.024.787/0004-68;INOVAR ESTACIONAMENTOS E SERVIÇOS S.A.;R;Domingos de Morais;2781;;Vila Mariana;São Paulo;SP;04035-001;;0;T;;;;14,4;0;7811;5;0,72;0;N;3;NÃO INFORMADO;;;;;;;;;;        ;               ;0,72;3;;;;;0;0;0;0;0;0;0;;0;0;0;;0;0;;;;ESTACIONAMENTO
2;46785;15/12/2020 08:29;MAQVXTZV;RPS-C;UPA01;41796;14/12/2020;5.723.751-4;2;26.024.787/0004-68;INOVAR ESTACIONAMENTOS E SERVIÇOS S.A.;R;Domingos de Morais;2781;;Vila Mariana;São Paulo;SP;04035-001;;0;T;;;;8;0;7811;5;0,4;0;N;3;NÃO INFORMADO;;;;;;;;;;        ;               ;0,4;3;;;;;0;0;0;0;0;0;0;;0;0;0;;0;0;;;;ESTACIONAMENTO,
2;46699;14/12/2020 08:56;JDLJ1S7Z;RPS-C;UPA01;41710;12/12/2020;5.723.751-4;2;26.024.787/0004-68;INOVAR ESTACIONAMENTOS E SERVIÇOS S.A.;R;Domingos de Morais;2781;;Vila Mariana;São Paulo;SP;04035-001;;0;T;;;;10;0;7811;5;0,5;0;N;3;NÃO INFORMADO;;;;;;;;;;        ;               ;0,5;3;;;;;0;0;0;0;0;0;0;;0;0;0;;0;0;;;;ESTACIONAMENTO,
2;46698;14/12/2020 08:56;LNBVAKVA;RPS-C;UPA01;41709;12/12/2020;5.723.751-4;2;26.024.787/0004-68;INOVAR ESTACIONAMENTOS E SERVIÇOS S.A.;R;Domingos de Morais;2781;;Vila Mariana;São Paulo;SP;04035-001;;0;T;;;;14;0;7811;5;0,7;0;N;3;NÃO INFORMADO;;;;;;;;;;        ;               ;0,7;3;;;;;0;0;0;0;0;0;0;;0;0;0;;0;0;;;;ESTACIONAMENTO,
2;46672;14/12/2020 08:53;XEFFHD7U;RPS-C;UPA01;41686;11/12/2020;5.723.751-4;2;26.024.787/0004-68;INOVAR ESTACIONAMENTOS E SERVIÇOS S.A.;R;Domingos de Morais;2781;;Vila Mariana;São Paulo;SP;04035-001;;0;T;;;;14;0;7811;5;0,7;0;N;3;NÃO INFORMADO;;;;;;;;;;        ;               ;0,7;3;;;;;0;0;0;0;0;0;0;;0;0;0;;0;0;;;;ESTACIONAMENTO,
2;46671;14/12/2020 08:53;KLZVAZZ6;RPS-C;UPA01;41685;11/12/2020;5.723.751-4;2;26.024.787/0004-68;INOVAR ESTACIONAMENTOS E SERVIÇOS S.A.;R;Domingos de Morais;2781;;Vila Mariana;São Paulo;SP;04035-001;;0;T;;;;10;0;7811;5;0,5;0;N;3;NÃO INFORMADO;;;;;;;;;;        ;               ;0,5;3;;;;;0;0;0;0;0;0;0;;0;0;0;;0;0;;;;ESTACIONAMENTO,
2;46670;14/12/2020 08:53;YGI7ULDL;RPS-C;UPA01;41684;11/12/2020;5.723.751-4;2;26.024.787/0004-68;INOVAR ESTACIONAMENTOS E SERVIÇOS S.A.;R;Domingos de Morais;2781;;Vila Mariana;São Paulo;SP;04035-001;;0;T;;;;14;0;7811;5;0,7;0;N;3;NÃO INFORMADO;;;;;;;;;;        ;               ;0,7;3;;;;;0;0;0;0;0;0;0;;0;0;0;;0;0;;;;ESTACIONAMENTO,
2;46669;14/12/2020 08:53;R3K1KGNC;RPS-C;UPA01;41683;11/12/2020;5.723.751-4;2;26.024.787/0004-68;INOVAR ESTACIONAMENTOS E SERVIÇOS S.A.;R;Domingos de Morais;2781;;Vila Mariana;São Paulo;SP;04035-001;;0;T;;;;14;0;7811;5;0,7;0;N;3;NÃO INFORMADO;;;;;;;;;;        ;               ;0,7;3;;;;;0;0;0;0;0;0;0;;0;0;0;;0;0;;;;ESTACIONAMENTO,
2;46665;14/12/2020 08:53;IRP3IEJE;RPS-C;UPA01;41679;11/12/2020;5.723.751-4;2;26.024.787/0004-68;INOVAR ESTACIONAMENTOS E SERVIÇOS S.A.;R;Domingos de Morais;2781;;Vila Mariana;São Paulo;SP;04035-001;;0;T;;;;18;0;7811;5;0,9;0;N;3;NÃO INFORMADO;;;;;;;;;;        ;               ;0,9;3;;;;;0;0;0;0;0;0;0;;0;0;0;;0;0;;;;ESTACIONAMENTO,
2;46664;14/12/2020 08:53;PC9EMA3U;RPS-C;UPA01;41678;11/12/2020;5.723.751-4;2;26.024.787/0004-68;INOVAR ESTACIONAMENTOS E SERVIÇOS S.A.;R;Domingos de Morais;2781;;Vila Mariana;São Paulo;SP;04035-001;;0;T;;;;14;0;7811;5;0,7;0;N;3;NÃO INFORMADO;;;;;;;;;;        ;               ;0,7;3;;;;;0;0;0;0;0;0;0;;0;0;0;;0;0;;;;ESTACIONAMENTO,
2;46663;14/12/2020 08:53;PM8CSU8G;RPS-C;UPA01;41677;11/12/2020;5.723.751-4;2;26.024.787/0004-68;INOVAR ESTACIONAMENTOS E SERVIÇOS S.A.;R;Domingos de Morais;2781;;Vila Mariana;São Paulo;SP;04035-001;;0;T;;;;10;0;7811;5;0,5;0;N;3;NÃO INFORMADO;;;;;;;;;;        ;               ;0,5;3;;;;;0;0;0;0;0;0;0;;0;0;0;;0;0;;;;ESTACIONAMENTO,
2;46662;14/12/2020 08:53;BJYYI3SP;RPS-C;UPA01;41676;11/12/2020;5.723.751-4;2;26.024.787/0004-68;INOVAR ESTACIONAMENTOS E SERVIÇOS S.A.;R;Domingos de Morais;2781;;Vila Mariana;São Paulo;SP;04035-001;;0;T;;;;14;0;7811;5;0,7;0;N;3;NÃO INFORMADO;;;;;;;;;;        ;               ;0,7;3;;;;;0;0;0;0;0;0;0;;0;0;0;;0;0;;;;ESTACIONAMENTO,
2;46661;14/12/2020 08:53;XIRIVFZF;RPS-C;UPA01;41675;11/12/2020;5.723.751-4;2;26.024.787/0004-68;INOVAR ESTACIONAMENTOS E SERVIÇOS S.A.;R;Domingos de Morais;2781;;Vila Mariana;São Paulo;SP;04035-001;;0;T;;;;14;0;7811;5;0,7;0;N;3;NÃO INFORMADO;;;;;;;;;;        ;               ;0,7;3;;;;;0;0;0;0;0;0;0;;0;0;0;;0;0;;;;ESTACIONAMENTO,
2;46487;11/12/2020 09:45;CVY7FPIY;RPS-C;UPA01;41502;10/12/2020;5.723.751-4;2;26.024.787/0004-68;INOVAR ESTACIONAMENTOS E SERVIÇOS S.A.;R;Domingos de Morais;2781;;Vila Mariana;São Paulo;SP;04035-001;;0;T;;;;14;0;7811;5;0,7;0;N;3;NÃO INFORMADO;;;;;;;;;;        ;               ;0,7;3;;;;;0;0;0;0;0;0;0;;0;0;0;;0;0;;;;ESTACIONAMENTO,
2;46486;11/12/2020 09:45;97GWLUZ6;RPS-C;UPA01;41501;10/12/2020;5.723.751-4;2;26.024.787/0004-68;INOVAR ESTACIONAMENTOS E SERVIÇOS S.A.;R;Domingos de Morais;2781;;Vila Mariana;São Paulo;SP;04035-001;;0;T;;;;14;0;7811;5;0,7;0;N;3;NÃO INFORMADO;;;;;;;;;;        ;               ;0,7;3;;;;;0;0;0;0;0;0;0;;0;0;0;;0;0;;;;ESTACIONAMENTO,
2;46485;11/12/2020 09:45;ANTDCUBL;RPS-C;UPA01;41500;10/12/2020;5.723.751-4;2;26.024.787/0004-68;INOVAR ESTACIONAMENTOS E SERVIÇOS S.A.;R;Domingos de Morais;2781;;Vila Mariana;São Paulo;SP;04035-001;;0;T;;;;10;0;7811;5;0,5;0;N;3;NÃO INFORMADO;;;;;;;;;;        ;               ;0,5;3;;;;;0;0;0;0;0;0;0;;0;0;0;;0;0;;;;ESTACIONAMENTO,
2;46484;11/12/2020 09:45;5KITSGS6;RPS-C;UPA01;41499;10/12/2020;5.723.751-4;2;26.024.787/0004-68;INOVAR ESTACIONAMENTOS E SERVIÇOS S.A.;R;Domingos de Morais;2781;;Vila Mariana;São Paulo;SP;04035-001;;0;T;;;;14;0;7811;5;0,7;0;N;3;NÃO INFORMADO;;;;;;;;;;        ;               ;0,7;3;;;;;0;0;0;0;0;0;0;;0;0;0;;0;0;;;;ESTACIONAMENTO,
2;46483;11/12/2020 09:45;ENSNGK7Q;RPS-C;UPA01;41498;10/12/2020;5.723.751-4;2;26.024.787/0004-68;INOVAR ESTACIONAMENTOS E SERVIÇOS S.A.;R;Domingos de Morais;2781;;Vila Mariana;São Paulo;SP;04035-001;;0;T;;;;14;0;7811;5;0,7;0;N;3;NÃO INFORMADO;;;;;;;;;;        ;               ;0,7;3;;;;;0;0;0;0;0;0;0;;0;0;0;;0;0;;;;ESTACIONAMENTO,
